title,price,detail
LG전자 그램14 14ZD90P-GX50K,"1,346,880원","['화면크기 : 14인치(35~36cm)', '무게 : 0.999kg', '종류 : 코어i5 11세대', '운영체제 : 미포함(FreeDos)', 'CPU : 코어i5-1135G7', '칩셋 제조사 : 인텔', '코어종류 : 쿼드코어', '코드명 : 타이거레이크', 'CPU속도 : 2.4GHz', '터보부스트 : 4.2GHz', '램 : 8GB', '메모리 타입 : LPDDR4x', '인텔 GPU : Iris Xe Graphics', '그래픽 메모리 : 시스템 메모리 공유', '해상도 : 1920x1200(WUXGA)', '패널 : IPS패널(광시야각)', '화면비율 : 16대10', '베젤 : 슬림베젤', '특징 : 가벼운노트북', '무선랜 : 무선랜 802.11 ax(Wi-Fi6)', '블루투스 : 지원', '유선랜 : 유선랜있음', '영상출력 : HDMI', '썬더볼트4', '단자 : USB Type C', 'USB3.1', '카드 슬롯 : UFS', 'MicroSD카드', '부가기능 : 키보드라이트', '웹캠', 'USB-PD', 'Evo 플랫폼 인증', 'SSD : 256GB', 'SSD 인터페이스 : M.2', '배터리 타입 : 리튬이온', '배터리용량 : 72Wh', '웹카메라 : 전면', '사운드 : DTS: X Ultra', '품목 : 노트북', '두께 : 1.68cm', '조명 : LED백라이트', '색상 : 스노우화이트', 'DCI-P3 : 99%', '보안기능 : 지문인식']"
LG전자 그램14 14ZD90P-GX5BK,"1,372,540원","['화면크기 : 14인치(35~36cm)', '무게 : 0.999kg', '종류 : 코어i5 11세대', '운영체제 : 미포함(FreeDos)', 'CPU : 코어i5-1135G7', '칩셋 제조사 : 인텔', '코어종류 : 쿼드코어', '코드명 : 타이거레이크', 'CPU속도 : 2.4GHz', '터보부스트 : 4.2GHz', '램 : 8GB', '메모리 타입 : LPDDR4x', '인텔 GPU : Iris Xe Graphics', '그래픽 메모리 : 시스템 메모리 공유', '해상도 : 1920x1200(WUXGA)', '패널 : IPS패널(광시야각)', '화면비율 : 16대10', '베젤 : 슬림베젤', '특징 : 가벼운노트북', '무선랜 : 무선랜 802.11 ax(Wi-Fi6)', '블루투스 : 지원', '유선랜 : 유선랜있음', '영상출력 : HDMI', '썬더볼트4', '단자 : USB Type C', 'USB3.1', '카드 슬롯 : UFS', '부가기능 : 키보드라이트', '웹캠', 'USB-PD', 'Evo 플랫폼 인증', 'SSD : 256GB', 'SSD 인터페이스 : M.2', '배터리 타입 : 리튬이온', '배터리용량 : 72Wh', '웹카메라 : 전면', '품목 : 노트북', '두께 : 1.68cm', '조명 : LED백라이트', 'DCI-P3 : 99%', '보안기능 : 지문인식']"
삼성전자 갤럭시북 플렉스2 NT950QDA-X71AZ,"2,448,800원","['화면크기 : 15인치(37~39cm)', '무게 : 1.57kg', '종류 : 코어i7 11세대', '운영체제 : 윈도우10 홈', 'CPU : 코어i7-1165G7', '칩셋 제조사 : 인텔', '코어종류 : 쿼드코어', '코드명 : 타이거레이크', 'CPU속도 : 2.8GHz', '터보부스트 : 4.7GHz', '램 : 16GB', '메모리 타입 : LPDDR4x', 'NVIDIA GPU : 지포스 MX450', '그래픽 메모리 : 2GB', '해상도 : 1920x1080(FHD)', '패널 : 광시야각', '화면비율 : 16대9', '디스플레이 특징 : 터치스크린', '베젤 : 슬림베젤', '디스플레이 종류 : QLED', '화면펼침 : 360˚', '밝기 : 슈퍼브라이트(600nit)', '터치 : 터치화면', '무선랜 : 무선랜 802.11 ax(Wi-Fi6)', '블루투스 : 블루투스5.1', '영상출력 : HDMI', '썬더볼트4', '단자 : USB Type C', '카드 슬롯 : UFS', 'MicroSD카드', '부가기능 : 키보드라이트', '웹캠', '고속충전', 'S펜', '무선 배터리 공유', 'SSD : 512GB', 'SSD 인터페이스 : NVMe', '배터리용량 : 69.7Wh', '충전단자 : Type C', '웹카메라 : 전면', '품목 : 노트북', '두께 : 1.49cm', '색상 : 브론즈', '보안기능 : 지문인식']"
삼성전자 갤럭시북 이온2 NT950XDA-X71AW,"2,197,990원","['화면크기 : 15인치(37~39cm)', '무게 : 1.26kg', '종류 : 코어i7 11세대', '운영체제 : 윈도우10 홈', 'CPU : 코어i7-1165G7', '칩셋 제조사 : 인텔', '코어종류 : 쿼드코어', '코드명 : 타이거레이크', 'CPU속도 : 2.8GHz', '터보부스트 : 4.7GHz', '램 : 16GB', '메모리 타입 : DDR4', 'NVIDIA GPU : 지포스 MX450', '그래픽 메모리 : 2GB', '해상도 : 1920x1080(FHD)', '패널 : 광시야각', '화면비율 : 16대9', '베젤 : 슬림베젤', '디스플레이 종류 : QLED', '밝기 : 슈퍼브라이트(600nit)', '무선랜 : 무선랜 802.11 ax(Wi-Fi6)', '블루투스 : 블루투스5.1', '영상출력 : HDMI', '썬더볼트4', '단자 : USB3.0', '카드 슬롯 : UFS', 'MicroSD카드', '방향키 : ㅗ형', '부가기능 : 키보드라이트', '웹캠', '고속충전', 'SSD : 512GB', 'SSD 인터페이스 : NVMe', '배터리용량 : 69.7Wh', '충전단자 : Type C', '웹카메라 : 전면', '품목 : 노트북', '두께 : 1.49cm', '색상 : 화이트', '보안기능 : 지문인식']"
삼성전자 노트북 플러스2 NT550XDZ-AD1AW,"498,990원","['화면크기 : 15인치(37~39cm)', '무게 : 1.81kg', '종류 : 셀러론', '운영체제 : 미포함(FreeDos)', 'CPU : 셀러론-6305', '칩셋 제조사 : 인텔', '코어종류 : 듀얼코어', '코드명 : 타이거레이크', 'CPU속도 : 1.8GHz', '램 : 4GB', '메모리 타입 : DDR4', '인텔 GPU : 인텔UHD', '그래픽 메모리 : 시스템 메모리 공유', '해상도 : 1920x1080(FHD)', '패널 : 광시야각', '화면비율 : 16대9', '베젤 : 슬림베젤', '패널코팅 : 안티글레어', '무선랜 : 무선랜 802.11 ax(Wi-Fi6)', '블루투스 : 블루투스5.0', '유선랜 : 유선랜(1Gbps)', '영상출력 : HDMI', '단자 : USB Type C', 'USB3.0', 'USB2.0', '카드 슬롯 : MicroSD카드', '방향키 : ㅗ형', '부가기능 : 웹캠', '멀티 카드 리더기', 'SSD : 256GB', 'SSD 인터페이스 : NVMe', '배터리용량 : 43Wh', '충전단자 : DC', '웹카메라 : 전면', '품목 : 노트북', '두께 : 1.88cm', '조명 : LED백라이트', '색상 : 화이트', '입력장치 : 숫자키패드']"
LG전자 그램14 14ZD90P-GX50K,"1,346,880원","['화면크기 : 14인치(35~36cm)', '무게 : 0.999kg', '종류 : 코어i5 11세대', '운영체제 : 미포함(FreeDos)', 'CPU : 코어i5-1135G7', '칩셋 제조사 : 인텔', '코어종류 : 쿼드코어', '코드명 : 타이거레이크', 'CPU속도 : 2.4GHz', '터보부스트 : 4.2GHz', '램 : 8GB', '메모리 타입 : LPDDR4x', '인텔 GPU : Iris Xe Graphics', '그래픽 메모리 : 시스템 메모리 공유', '해상도 : 1920x1200(WUXGA)', '패널 : IPS패널(광시야각)', '화면비율 : 16대10', '베젤 : 슬림베젤', '특징 : 가벼운노트북', '무선랜 : 무선랜 802.11 ax(Wi-Fi6)', '블루투스 : 지원', '유선랜 : 유선랜있음', '영상출력 : HDMI', '썬더볼트4', '단자 : USB Type C', 'USB3.1', '카드 슬롯 : UFS', 'MicroSD카드', '부가기능 : 키보드라이트', '웹캠', 'USB-PD', 'Evo 플랫폼 인증', 'SSD : 256GB', 'SSD 인터페이스 : M.2', '배터리 타입 : 리튬이온', '배터리용량 : 72Wh', '웹카메라 : 전면', '사운드 : DTS: X Ultra', '품목 : 노트북', '두께 : 1.68cm', '조명 : LED백라이트', '색상 : 스노우화이트', 'DCI-P3 : 99%', '보안기능 : 지문인식']"
LG전자 그램14 14ZD90P-GX5BK,"1,372,540원","['화면크기 : 14인치(35~36cm)', '무게 : 0.999kg', '종류 : 코어i5 11세대', '운영체제 : 미포함(FreeDos)', 'CPU : 코어i5-1135G7', '칩셋 제조사 : 인텔', '코어종류 : 쿼드코어', '코드명 : 타이거레이크', 'CPU속도 : 2.4GHz', '터보부스트 : 4.2GHz', '램 : 8GB', '메모리 타입 : LPDDR4x', '인텔 GPU : Iris Xe Graphics', '그래픽 메모리 : 시스템 메모리 공유', '해상도 : 1920x1200(WUXGA)', '패널 : IPS패널(광시야각)', '화면비율 : 16대10', '베젤 : 슬림베젤', '특징 : 가벼운노트북', '무선랜 : 무선랜 802.11 ax(Wi-Fi6)', '블루투스 : 지원', '유선랜 : 유선랜있음', '영상출력 : HDMI', '썬더볼트4', '단자 : USB Type C', 'USB3.1', '카드 슬롯 : UFS', '부가기능 : 키보드라이트', '웹캠', 'USB-PD', 'Evo 플랫폼 인증', 'SSD : 256GB', 'SSD 인터페이스 : M.2', '배터리 타입 : 리튬이온', '배터리용량 : 72Wh', '웹카메라 : 전면', '품목 : 노트북', '두께 : 1.68cm', '조명 : LED백라이트', 'DCI-P3 : 99%', '보안기능 : 지문인식']"
삼성전자 갤럭시북 플렉스2 NT950QDA-X71AZ,"2,448,800원","['화면크기 : 15인치(37~39cm)', '무게 : 1.57kg', '종류 : 코어i7 11세대', '운영체제 : 윈도우10 홈', 'CPU : 코어i7-1165G7', '칩셋 제조사 : 인텔', '코어종류 : 쿼드코어', '코드명 : 타이거레이크', 'CPU속도 : 2.8GHz', '터보부스트 : 4.7GHz', '램 : 16GB', '메모리 타입 : LPDDR4x', 'NVIDIA GPU : 지포스 MX450', '그래픽 메모리 : 2GB', '해상도 : 1920x1080(FHD)', '패널 : 광시야각', '화면비율 : 16대9', '디스플레이 특징 : 터치스크린', '베젤 : 슬림베젤', '디스플레이 종류 : QLED', '화면펼침 : 360˚', '밝기 : 슈퍼브라이트(600nit)', '터치 : 터치화면', '무선랜 : 무선랜 802.11 ax(Wi-Fi6)', '블루투스 : 블루투스5.1', '영상출력 : HDMI', '썬더볼트4', '단자 : USB Type C', '카드 슬롯 : UFS', 'MicroSD카드', '부가기능 : 키보드라이트', '웹캠', '고속충전', 'S펜', '무선 배터리 공유', 'SSD : 512GB', 'SSD 인터페이스 : NVMe', '배터리용량 : 69.7Wh', '충전단자 : Type C', '웹카메라 : 전면', '품목 : 노트북', '두께 : 1.49cm', '색상 : 브론즈', '보안기능 : 지문인식']"
삼성전자 갤럭시북 이온2 NT950XDA-X71AW,"2,197,990원","['화면크기 : 15인치(37~39cm)', '무게 : 1.26kg', '종류 : 코어i7 11세대', '운영체제 : 윈도우10 홈', 'CPU : 코어i7-1165G7', '칩셋 제조사 : 인텔', '코어종류 : 쿼드코어', '코드명 : 타이거레이크', 'CPU속도 : 2.8GHz', '터보부스트 : 4.7GHz', '램 : 16GB', '메모리 타입 : DDR4', 'NVIDIA GPU : 지포스 MX450', '그래픽 메모리 : 2GB', '해상도 : 1920x1080(FHD)', '패널 : 광시야각', '화면비율 : 16대9', '베젤 : 슬림베젤', '디스플레이 종류 : QLED', '밝기 : 슈퍼브라이트(600nit)', '무선랜 : 무선랜 802.11 ax(Wi-Fi6)', '블루투스 : 블루투스5.1', '영상출력 : HDMI', '썬더볼트4', '단자 : USB3.0', '카드 슬롯 : UFS', 'MicroSD카드', '방향키 : ㅗ형', '부가기능 : 키보드라이트', '웹캠', '고속충전', 'SSD : 512GB', 'SSD 인터페이스 : NVMe', '배터리용량 : 69.7Wh', '충전단자 : Type C', '웹카메라 : 전면', '품목 : 노트북', '두께 : 1.49cm', '색상 : 화이트', '보안기능 : 지문인식']"
삼성전자 노트북 플러스2 NT550XDZ-AD1AW,"498,990원","['화면크기 : 15인치(37~39cm)', '무게 : 1.81kg', '종류 : 셀러론', '운영체제 : 미포함(FreeDos)', 'CPU : 셀러론-6305', '칩셋 제조사 : 인텔', '코어종류 : 듀얼코어', '코드명 : 타이거레이크', 'CPU속도 : 1.8GHz', '램 : 4GB', '메모리 타입 : DDR4', '인텔 GPU : 인텔UHD', '그래픽 메모리 : 시스템 메모리 공유', '해상도 : 1920x1080(FHD)', '패널 : 광시야각', '화면비율 : 16대9', '베젤 : 슬림베젤', '패널코팅 : 안티글레어', '무선랜 : 무선랜 802.11 ax(Wi-Fi6)', '블루투스 : 블루투스5.0', '유선랜 : 유선랜(1Gbps)', '영상출력 : HDMI', '단자 : USB Type C', 'USB3.0', 'USB2.0', '카드 슬롯 : MicroSD카드', '방향키 : ㅗ형', '부가기능 : 웹캠', '멀티 카드 리더기', 'SSD : 256GB', 'SSD 인터페이스 : NVMe', '배터리용량 : 43Wh', '충전단자 : DC', '웹카메라 : 전면', '품목 : 노트북', '두께 : 1.88cm', '조명 : LED백라이트', '색상 : 화이트', '입력장치 : 숫자키패드']"
디클 클릭북 프로 K50-G10 프리도스,"649,000원","['화면크기 : 15인치(37~39cm)', '무게 : 2.3kg', '종류 : 펜티엄 골드', '운영체제 : 미포함(FreeDos)', 'CPU : 펜티엄-G6400', '칩셋 제조사 : 인텔', '코어종류 : 듀얼코어', '코드명 : 코멧레이크', 'CPU속도 : 4.0GHz', '램 : 8GB', '메모리 타입 : DDR4', 'NVIDIA GPU : 지포스 MX350', '인텔 GPU : UHD610', '그래픽 메모리 : 2GB', '해상도 : 1920x1080(FHD)', '패널 : IPS패널(광시야각)', '베젤 : 슬림베젤', '무선랜 : 무선랜 802.11 ax(Wi-Fi6)', '블루투스 : 블루투스5.1', '유선랜 : 유선랜있음', '영상출력 : HDMI', '단자 : USB Type C', 'USB3.0', 'USB2.0', '카드 슬롯 : SD카드', '부가기능 : 웹캠', '키보드라이트(RGB)', 'SSD : 256GB', 'SSD 인터페이스 : M.2', '배터리 타입 : 리튬이온', '배터리용량 : 41Wh', '배터리cell수 : 4cell', '웹카메라 : 전면(100만)', '품목 : 노트북', '두께 : 2.98cm']"
주연테크 슈퍼플라이 블랙 J9FT,"898,990원","['화면크기 : 14인치(35~36cm)', '무게 : 1.12kg', '종류 : 코어i5 11세대', '운영체제 : 미포함(FreeDos)', 'CPU : 코어i5-1135G7', '칩셋 제조사 : 인텔', '코어종류 : 쿼드코어', '코드명 : 타이거레이크', '터보부스트 : 4.2GHz', '램 : 16GB', '메모리 타입 : DDR4', '인텔 GPU : Iris Xe Graphics', '그래픽 메모리 : 시스템 메모리 공유', '해상도 : 1920x1080(FHD)', '베젤 : 슬림베젤', 'NTSC : 72%', '화면펼침 : 180˚', '무선랜 : 무선랜 802.11 ax(Wi-Fi6)', '블루투스 : 블루투스5.0', '영상출력 : HDMI', '다중모니터연결(2개)', '썬더볼트4', '단자 : USB Type C', 'USB3.0', 'USB3.1', '카드 슬롯 : MicroSD카드', '부가기능 : 웹캠', '고속충전', '안면인식', '키보드라이트(LED)', 'MIL-STD', 'USB-PD', 'SSD : 512GB', 'SSD 인터페이스 : M.2', '배터리용량 : 73Wh', '충전단자 : DC', '웹카메라 : 전면(100만)', '무상AS : 1년', '품목 : 노트북', '두께 : 1.65cm', '색상 : 블랙', '입력장치 : 숫자키패드']"
주연테크 슈퍼플라이 J9ST,"999,000원","['화면크기 : 14인치(35~36cm)', '무게 : 1.12kg', '종류 : 코어i7 11세대', '운영체제 : 미포함(FreeDos)', 'CPU : 코어i7-1165G7', '칩셋 제조사 : 인텔', '코어종류 : 쿼드코어', '코드명 : 타이거레이크', '터보부스트 : 4.7GHz', '램 : 16GB', '메모리 타입 : DDR4', '인텔 GPU : Iris Xe Graphics', '그래픽 메모리 : 시스템 메모리 공유', '해상도 : 1920x1080(FHD)', '베젤 : 슬림베젤', 'NTSC : 72%', '화면펼침 : 180˚', '무선랜 : 무선랜 802.11 ax(Wi-Fi6)', '블루투스 : 블루투스5.0', '영상출력 : HDMI', '다중모니터연결(2개)', '썬더볼트4', '단자 : USB Type C', 'USB3.0', 'USB3.1', '카드 슬롯 : MicroSD카드', '부가기능 : 웹캠', '고속충전', '안면인식', '키보드라이트(LED)', 'MIL-STD', 'USB-PD', 'SSD : 512GB', 'SSD 인터페이스 : M.2', '배터리용량 : 73Wh', '충전단자 : DC', '웹카메라 : 전면(100만)', '무상AS : 1년', '품목 : 노트북', '두께 : 1.65cm', '입력장치 : 숫자키패드']"
레노버 아이디어패드 SLIM 5-15ARE RYZEN5,"749,000원","['화면크기 : 15인치(37~39cm)', '무게 : 1.63kg', '종류 : 라이젠5-1세대', '운영체제 : 미포함(FreeDos)', 'CPU : 라이젠5-4500U', '칩셋 제조사 : AMD', '코어종류 : 헥사코어', '코드명 : 르누아르', 'CPU속도 : 2.3GHz', '터보부스트 : 4.0GHz', '램 : 8GB', '메모리 타입 : DDR4', 'AMD GPU : 라데온 Graphics', '그래픽 메모리 : 시스템 메모리 공유', '해상도 : 1920x1080(FHD)', '패널 : IPS패널(광시야각)', '화면비율 : 16대9', '밝기 : 슈퍼브라이트(300nit)', '패널코팅 : 안티글레어', '무선랜 : 무선랜 802.11 ac(Wi-Fi5)', '블루투스 : 블루투스5.1', '영상출력 : HDMI', 'DisplayPort', '단자 : USB Type C', 'USB3.0', '부가기능 : 키보드라이트', '웹캠', 'SSD : 256GB', 'SSD 인터페이스 : NVMe', '배터리용량 : 57Wh', '배터리cell수 : 3cell', '사용시간 : 최대12시간', '웹카메라 : 전면', '무상AS : 1년', '품목 : 노트북', '두께 : 1.99cm', '보안기능 : 지문인식']"
삼성전자 갤럭시북 플렉스 NT950QCG-X716A,"2,179,960원","['화면크기 : 15인치(37~39cm)', '무게 : 1.52kg', '종류 : 코어i7 10세대', '운영체제 : 윈도우10 홈', 'CPU : 코어i7-1065G7', '칩셋 제조사 : 인텔', '코어종류 : 쿼드코어', '코드명 : 아이스레이크', 'CPU속도 : 1.3GHz', '터보부스트 : 3.9GHz', '램 : 16GB', '메모리 타입 : LPDDR4x', 'NVIDIA GPU : 지포스MX250', '인텔 GPU : Iris Plus', '그래픽 메모리 : 2GB', '해상도 : 1920x1080(FHD)', '화면비율 : 16대9', '베젤 : 슬림베젤', '디스플레이 종류 : QLED', '화면펼침 : 360˚', '밝기 : 슈퍼브라이트(600nit)', '터치 : 터치화면', '무선랜 : 무선랜 802.11 ax(Wi-Fi6)', '블루투스 : 블루투스5.0', '영상출력 : 썬더볼트3', '단자 : USB Type C', 'USB3.1', '부가기능 : 키보드라이트', 'S펜', 'SSD : 512GB', 'SSD 인터페이스 : NVMe', '배터리용량 : 69Wh', '웹카메라 : 전면', '품목 : 노트북', '두께 : 1.49cm', '색상 : 블루', '입력장치 : 숫자키패드', '보안기능 : 지문인식']"
HP ENVY X360 15-ED0021TX,"1,687,300원","['화면크기 : 15인치(37~39cm)', '무게 : 1.92kg', '종류 : 코어i7 10세대', '운영체제 : 윈도우10 홈', 'CPU : 코어i7-10510U', '칩셋 제조사 : 인텔', '코어종류 : 쿼드코어', '램 : 16GB', '메모리 타입 : DDR4', 'NVIDIA GPU : 지포스 MX330', '그래픽 메모리 : 4GB', '해상도 : 1920x1080(FHD)', '패널 : IPS패널(광시야각)', '화면비율 : 16대9', '화면펼침 : 360˚', '밝기 : 슈퍼브라이트(400nit)', 'bit유형 : 64', '무선랜 : 무선랜 802.11 ax(Wi-Fi6)', '블루투스 : 블루투스5.0', '영상출력 : DisplayPort', 'HDMI(2.0)', '단자 : USB Type C', 'USB3.0', 'USB2.0', 'USB', '부가기능 : 키보드라이트', '웹캠', '안면인식', 'SSD : 512GB', 'SSD 인터페이스 : NVMe', '배터리 타입 : 리튬이온', '배터리용량 : 51Wh', '배터리cell수 : 3cell', '사용시간 : 최대14시간', '스피커 : 뱅앤올룹슨스피커', '품목 : 노트북', '두께 : 1.87cm', '보안기능 : 지문인식']"
HP X360 13-AW2105TU,"2,249,000원","['화면크기 : 13인치(32~35cm)', '무게 : 1.3kg', '종류 : 코어i7 11세대', '운영체제 : 윈도우10 홈', 'CPU : 코어i7-1165G7', '칩셋 제조사 : 인텔', '코어종류 : 쿼드코어', '코드명 : 타이거레이크', '터보부스트 : 4.7GHz', '램 : 16GB', '메모리 타입 : LPDDR4', '인텔 GPU : Iris Xe Graphics', '그래픽 메모리 : 시스템 메모리 공유', '해상도 : 3840x2160(UHD)', '패널 : AMOLED패널', '디스플레이 특징 : 터치스크린', '베젤 : 슬림베젤', '화면펼침 : 360˚', '밝기 : 슈퍼브라이트(400nit)', '터치 : 멀티터치화면', 'bit유형 : 64', '무선랜 : 무선랜 802.11 ax(Wi-Fi6)', '블루투스 : 블루투스5.0', '영상출력 : 썬더볼트3', '단자 : USB Type C', 'USB3.0', 'USB3.1', '카드 슬롯 : MicroSD카드', '부가기능 : 키보드라이트', '웹캠', '고속충전', '안면인식', '터치펜', 'SSD : 1TB', 'SSD 인터페이스 : NVMe', '배터리 타입 : 리튬이온', '배터리용량 : 60Wh', '배터리cell수 : 4cell', '웹카메라 : 전면', '스피커 : 뱅앤올룹슨스피커', '사운드 : 돌비Atoms오디오', '품목 : 노트북', '두께 : 1.69cm', '보안기능 : 지문인식']"
포유디지탈 아이뮤즈 스톰북15 프로,"444,980원","['화면크기 : 15인치(37~39cm)', '무게 : 1.6kg', '종류 : 코어M', '운영체제 : 미포함(FreeDos)', 'CPU : 코어M3-6Y30', '칩셋 제조사 : 인텔', '코어종류 : 듀얼코어', 'CPU속도 : 1.2GHz', '터보부스트 : 2.2GHz', '램 : 8GB', '메모리 타입 : LPDDR3', '해상도 : 1920x1080(FHD)', '화면비율 : 16대9', '블루투스 : 블루투스 4.2', '유선랜 : 유선랜없음', '영상출력 : HDMI(2.0)', '단자 : USB Type C', 'USB3.0', '품목 : 노트북', '보안기능 : 지문인식']"
Apple 맥북 프로 13형 2020년형 512G 스페이스 그레이 (MWP42KH/A),"2,115,900원","['화면크기 : 13인치(32~35cm)', '무게 : 1.4kg', '종류 : 코어i5 10세대', '운영체제 : MAC OS', '칩셋 제조사 : 인텔', '코어종류 : 쿼드코어', '코드명 : 아이스레이크', 'CPU속도 : 2.0GHz', '터보부스트 : 3.9GHz', '램 : 16GB', '메모리 타입 : LPDDR4x', '인텔 GPU : Iris Plus', '해상도 : 2560x1600(WQXGA)', '패널 : IPS패널(광시야각)', '화면비율 : 16대10', '디스플레이 종류 : LCD', '밝기 : 슈퍼브라이트(500nit)', 'bit유형 : 64', '무선랜 : 무선랜 802.11 ac(Wi-Fi5)', '블루투스 : 블루투스5.0', '영상출력 : 썬더볼트3(4개)', 'DisplayPort', '단자 : USB3.1', '부가기능 : 키보드라이트', '웹캠', '아이메시지', '애플앱스토어', '에어드롭', 'SSD : 512GB', 'HDD 용량 : 미포함', 'ODD : 광Drive없음', '배터리 타입 : 리튬폴리머', '배터리용량 : 58Wh', '사용시간 : 최대10시간', '무상AS : 1년', '품목 : 노트북', '두께 : 1.56cm', '조명 : LED백라이트', '색상 : 스페이스그레이', '입력장치 : 터치bar', '보안기능 : 지문인식']"
삼성전자 오디세이 NT850XCR-HD7A,"2,097,990원","['화면크기 : 15인치(37~39cm)', '무게 : 2.39kg', '종류 : 코어i7 10세대', '운영체제 : 리눅스', 'CPU : 코어i7-10750H', '칩셋 제조사 : 인텔', '코어종류 : 헥사코어', '코드명 : 코멧레이크', 'CPU속도 : 2.6GHz', '터보부스트 : 5.0GHz', '램 : 8GB', '메모리 타입 : DDR4', 'NVIDIA GPU : 지포스 RTX2060', '그래픽 메모리 : 6GB', '해상도 : 1920x1080(FHD)', '패널코팅 : 안티글레어', '무선랜 : 무선랜 802.11 ax(Wi-Fi6)', '블루투스 : 블루투스5.0', '영상출력 : HDMI', '단자 : USB Type C', 'USB3.0', '부가기능 : 키보드라이트', '웹캠', 'SSD : 256GB', 'SSD 인터페이스 : NVMe', '배터리용량 : 54Wh', '품목 : 노트북', '두께 : 1.99cm']"
HP 파빌리온 15-eg0501TU,"1,159,000원","['화면크기 : 15인치(37~39cm)', '무게 : 1.85kg', '종류 : 코어i7 11세대', '운영체제 : 윈도우10', 'CPU : 코어i7-1165G7', '칩셋 제조사 : 인텔', '코어종류 : 쿼드코어', '코드명 : 타이거레이크', '터보부스트 : 4.7GHz', '램 : 16GB', '메모리 타입 : DDR4', '인텔 GPU : Iris Xe Graphics', '그래픽 메모리 : 시스템 메모리 공유', '해상도 : 1920x1080(FHD)', '패널 : IPS패널(광시야각)', '베젤 : 슬림베젤', '무선랜 : 무선랜 802.11 ax(Wi-Fi6)', '블루투스 : 블루투스5.0', '영상출력 : HDMI', '단자 : USB Type C', 'USB3.0', '카드 슬롯 : SD카드', '부가기능 : 키보드라이트', '웹캠', '고속충전', 'SSD : 512GB', 'SSD 인터페이스 : M.2', '배터리용량 : 41Wh', '배터리cell수 : 3cell', '웹카메라 : 전면', '스피커 : 뱅앤올룹슨스피커', '품목 : 노트북', '두께 : 1.79cm', '조명 : LED백라이트', '보안기능 : 지문인식']"
한성컴퓨터 BossMonster EX7079S,"2,999,000원","['화면크기 : 17인치(43~44cm)', '무게 : 4.6kg', '종류 : 코어i9 10세대', '운영체제 : 미포함(FreeDos)', 'CPU : 코어i9-10900K', '칩셋 제조사 : 인텔', 'CPU속도 : 3.7GHz', '터보부스트 : 5.3GHz', '램 : 32GB', '메모리 타입 : DDR4', 'NVIDIA GPU : 지포스 RTX2070 SUPER', '그래픽 메모리 : 8GB', '해상도 : 1920x1080(FHD)', '패널 : IPS패널(광시야각)', '주사율 : 144Hz', '화면비율 : 16대9', '무선랜 : 무선랜 802.11 ax(Wi-Fi6)', '블루투스 : 블루투스5.1', '영상출력 : 썬더볼트3', 'miniDisplayPort', 'HDMI(2.0)', '단자 : USB Type C', 'USB3.0', '부가기능 : 웹캠', '키보드라이트(RGB)', 'SSD : 1TB', 'SSD 인터페이스 : M.2', '배터리용량 : 97Wh', '웹카메라 : 전면', '품목 : 노트북', '두께 : 4.5cm', '보안기능 : 지문인식']"
HP 14s-fq0068au,"819,000원","['화면크기 : 14인치(35~36cm)', '무게 : 1.468', '종류 : 라이젠7-3세대', '운영체제 : 윈도우10', 'CPU : 라이젠7-4700U', '칩셋 제조사 : AMD', '코어종류 : 옥타코어', '터보부스트 : 4.1GHz', '램 : 8GB', '메모리 타입 : DDR4', 'AMD GPU : 라데온 Graphics', '그래픽 메모리 : 시스템 메모리 공유', '해상도 : 1920x1080(FHD)', '패널 : IPS패널(광시야각)', '베젤 : 슬림베젤', '무선랜 : 무선랜 802.11 ac(Wi-Fi5)', '블루투스 : 블루투스5.0', '영상출력 : HDMI', '단자 : USB Type C', 'USB3.1', '카드 슬롯 : SD카드', '부가기능 : 웹캠', '고속충전', 'SSD : 512GB', 'SSD 인터페이스 : PCle', '웹카메라 : 전면', '무상AS : 1년', '품목 : 노트북', '두께 : 1.799']"
삼성전자 삼성 NT560XDA-XC58,"1,488,900원","['화면크기 : 15인치(37~39cm)', '종류 : 코어i5 11세대', '운영체제 : 미포함(FreeDos)', 'CPU : 코어i5-1135G7', '코어종류 : 쿼드코어', '코드명 : 타이거레이크', 'CPU속도 : 2.4GHz', '터보부스트 : 4.2GHz', '램 : 8GB', '메모리 타입 : DDR4', '패널 : 광시야각', 'SSD : 248GB', 'SSD 인터페이스 : M.2', '품목 : 노트북']"
삼성전자 갤럭시북 플렉스 NT950QCG-X716,"2,006,900원","['화면크기 : 15인치(37~39cm)', '무게 : 1.57kgkg', '종류 : 코어i7 10세대', '운영체제 : 윈도우10 홈', 'CPU : 코어i7-1065G7', '칩셋 제조사 : 인텔', '코어종류 : 쿼드코어', '코드명 : 아이스레이크', 'CPU속도 : 1.3GHz', '터보부스트 : 3.9GHz', '램 : 16GB', '메모리 타입 : LPDDR4x', 'NVIDIA GPU : 지포스MX250', '인텔 GPU : Iris Plus', '그래픽 메모리 : 2GB', '해상도 : 1920x1080(FHD)', '패널 : 광시야각', '화면비율 : 16대9', '베젤 : 슬림베젤', '화면펼침 : 360˚', '밝기 : 슈퍼브라이트(600nit)', '터치 : 터치화면', '무선랜 : 무선랜 802.11 ax(Wi-Fi6)', '블루투스 : 블루투스5.0', '영상출력 : 썬더볼트3', '단자 : USB Type C', 'USB3.1', '부가기능 : 키보드라이트', 'S펜', '무선 배터리 공유', 'SSD : 512GB', 'SSD 인터페이스 : NVMe', '배터리용량 : 69Wh', '웹카메라 : 전면', '품목 : 노트북', '두께 : 1.49cmcm', '색상 : 블루', '입력장치 : 숫자키패드', '보안기능 : 지문인식']"
디클 클릭북 프로 K50-710 윈도우10,"1,099,000원","['화면크기 : 15인치(37~39cm)', '무게 : 2.3kg', '종류 : 코어i7 10세대', '운영체제 : 윈도우10', 'CPU : 코어i7-10700', '칩셋 제조사 : 인텔', '코어종류 : 옥타코어', '코드명 : 코멧레이크', 'CPU속도 : 2.9GHz', '터보부스트 : 4.8GHz', '램 : 8GB', '메모리 타입 : DDR4', 'NVIDIA GPU : 지포스 MX350', '인텔 GPU : UHD Graphics 630', '그래픽 메모리 : 2GB', '해상도 : 1920x1080(FHD)', '패널 : IPS패널(광시야각)', '베젤 : 슬림베젤', 'bit유형 : 64', '무선랜 : 무선랜 802.11 ax(Wi-Fi6)', '블루투스 : 블루투스5.1', '유선랜 : 유선랜', '영상출력 : HDMI', '단자 : USB Type C', 'USB3.0', 'USB2.0', '카드 슬롯 : SD카드', '부가기능 : 웹캠', '키보드라이트(RGB)', 'SSD : 256GB', 'SSD 인터페이스 : M.2', '배터리 타입 : 리튬이온', '배터리용량 : 41Wh', '배터리cell수 : 4cell', '웹카메라 : 전면(100만)', '품목 : 노트북', '두께 : 2.98cm']"
디클 클릭북 프로 K50-G10 윈도우10,"659,000원","['화면크기 : 15인치(37~39cm)', '무게 : 2.3kg', '종류 : 펜티엄 골드', '운영체제 : 윈도우10', 'CPU : 펜티엄-G6400', '칩셋 제조사 : 인텔', '코어종류 : 듀얼코어', '코드명 : 코멧레이크', 'CPU속도 : 4.0GHz', '램 : 4GB', '메모리 타입 : DDR4', 'NVIDIA GPU : 지포스 MX350', '인텔 GPU : UHD610', '그래픽 메모리 : 2GB', '해상도 : 1920x1080(FHD)', '패널 : IPS패널(광시야각)', '베젤 : 슬림베젤', 'bit유형 : 64', '무선랜 : 무선랜 802.11 ax(Wi-Fi6)', '블루투스 : 블루투스5.1', '유선랜 : 유선랜', '영상출력 : HDMI', '단자 : USB Type C', 'USB3.0', 'USB2.0', '카드 슬롯 : SD카드', '부가기능 : 웹캠', '키보드라이트(RGB)', 'SSD : 128GB', 'SSD 인터페이스 : M.2', '배터리 타입 : 리튬이온', '배터리용량 : 41Wh', '배터리cell수 : 4cell', '웹카메라 : 전면(100만)', '품목 : 노트북', '두께 : 2.98cm']"
디클 클릭북 프로 K50-310 윈도우10,"769,000원","['화면크기 : 15인치(37~39cm)', '무게 : 2.3kg', '종류 : 코어i3 10세대', '운영체제 : 윈도우10', 'CPU : 코어i3-10100', '칩셋 제조사 : 인텔', '코어종류 : 헥사코어', '코드명 : 코멧레이크', 'CPU속도 : 3.6GHz', '터보부스트 : 4.3GHz', '램 : 4GB', '메모리 타입 : DDR4', 'NVIDIA GPU : 지포스 MX350', '인텔 GPU : UHD Graphics 630', '그래픽 메모리 : 2GB', '해상도 : 1920x1080(FHD)', '패널 : IPS패널(광시야각)', '베젤 : 슬림베젤', 'bit유형 : 64', '무선랜 : 무선랜 802.11 ax(Wi-Fi6)', '블루투스 : 블루투스5.1', '유선랜 : 유선랜', '영상출력 : HDMI', '단자 : USB Type C', 'USB3.0', 'USB2.0', '카드 슬롯 : SD카드', '부가기능 : 웹캠', '키보드라이트(RGB)', 'SSD : 128GB', 'SSD 인터페이스 : M.2', '배터리 타입 : 리튬이온', '배터리용량 : 41Wh', '배터리cell수 : 4cell', '웹카메라 : 전면(100만)', '품목 : 노트북', '두께 : 2.98cm']"
HP 15s-fq1008TU,"1,054,670원","['화면크기 : 15인치(37~39cm)', '무게 : 1.69kg', '종류 : 코어i5 10세대', '운영체제 : 윈도우10', 'CPU : 코어i5-1035G1', '칩셋 제조사 : 인텔', '코어종류 : 쿼드코어', '코드명 : 아이스레이크', 'CPU속도 : 1.0GHz', '터보부스트 : 3.6GHz', '램 : 4GB', '메모리 타입 : DDR4', '인텔 GPU : 인텔HD', '그래픽 메모리 : 시스템 메모리 공유', '해상도 : 1920x1080(FHD)', '패널 : IPS패널(광시야각)', '화면비율 : 16대9', '베젤 : 슬림베젤', '특징 : 학습,사무용', 'bit유형 : 64', '패널코팅 : 안티글레어', '무선랜 : 무선랜 802.11 ac(Wi-Fi5)', '블루투스 : 블루투스5.0', '유선랜 : 유선랜있음', '영상출력 : HDMI', '단자 : USB Type C', 'USB3.1', '카드 슬롯 : SD카드', 'SSD : 256GB', 'SSD 인터페이스 : NVMe', '사용시간 : 최대12시간', '웹카메라 : 전면', '무상AS : 1년', '품목 : 노트북', '두께 : 1.79cm', '조명 : LED백라이트', '색상 : 실버', '입력장치 : 독립형키보드', '숫자키패드']"
ASUS ROG STRIX G G531GT-AL106 / SSD 1TB 교체 / WIN10,"1,699,000원","['화면크기 : 15인치(37~39cm)', '무게 : 2.4kg', '종류 : 코어i5 9세대', '운영체제 : 윈도우10 프로', 'CPU : 코어i5-9300H', '칩셋 제조사 : 인텔', '코어종류 : 쿼드코어', '코드명 : 커피레이크-R(9세대)', 'CPU속도 : 2.4GHz', '터보부스트 : 4.1GHz', '램 : 8GB', '메모리 타입 : DDR4', 'NVIDIA GPU : 지포스GTX1650', '인텔 GPU : UHD630', '그래픽 메모리 : 4GB', '해상도 : 1920x1080(FHD)', '패널 : 광시야각', '주사율 : 120Hz', '화면비율 : 16대9', '밝기 : 250nit', '특징 : 게이밍(게임용)', 'bit유형 : 64bit', '패널코팅 : 안티글레어', '무선랜 : 무선랜 802.11 ac(Wi-Fi5)', '블루투스 : 블루투스5.0', '유선랜 : 유선랜(1Gbps)', '영상출력 : HDMI', 'HDMI(2.0)', '단자 : USB3.1', '부가기능 : 키보드라이트', 'SSD : 1024GB', 'SSD 인터페이스 : NVMe', 'HDD 용량 : 1TB', 'ODD : 광Drive없음', '배터리 타입 : 리튬이온', '배터리용량 : 48Wh', '배터리cell수 : 3cell', '웹카메라 : 전면', '품목 : 노트북', '두께 : 2.58cm', '조명 : LED백라이트', '색상 : 블랙']"
디클 클릭북 프로 K50-710 프리도스,"979,000원","['화면크기 : 15인치(37~39cm)', '무게 : 2.3kg', '종류 : 코어i7 10세대', '운영체제 : 미포함(FreeDos)', 'CPU : 코어i7-10700', '칩셋 제조사 : 인텔', '코어종류 : 옥타코어', '코드명 : 코멧레이크', 'CPU속도 : 2.9GHz', '터보부스트 : 4.8GHz', '램 : 8GB', '메모리 타입 : DDR4', 'NVIDIA GPU : 지포스 MX350', '인텔 GPU : UHD Graphics 630', '그래픽 메모리 : 2GB', '해상도 : 1920x1080(FHD)', '패널 : IPS패널(광시야각)', '베젤 : 슬림베젤', '무선랜 : 무선랜 802.11 ax(Wi-Fi6)', '블루투스 : 블루투스5.1', '유선랜 : 유선랜', '영상출력 : HDMI', '단자 : USB Type C', 'USB3.0', 'USB2.0', '카드 슬롯 : SD카드', '부가기능 : 웹캠', '키보드라이트(RGB)', 'SSD : 256GB', 'SSD 인터페이스 : M.2', '배터리 타입 : 리튬이온', '배터리용량 : 41Wh', '배터리cell수 : 4cell', '웹카메라 : 전면(100만)', '품목 : 노트북', '두께 : 2.98cm']"
HP 파빌리온 15-eg0500TU,"919,000원","['화면크기 : 15인치(37~39cm)', '종류 : 코어i5 11세대', '운영체제 : 윈도우10', 'CPU : 코어i5-1135G7', '칩셋 제조사 : 인텔', '램 : 8GB', '메모리 타입 : DDR4', '인텔 GPU : Iris Xe Graphics', '해상도 : 1920x1080(FHD)', '화면비율 : 16대9', 'SSD : 256GB', 'SSD 인터페이스 : M.2', '품목 : 노트북']"
한성컴퓨터 BossMonster EX7089S,"3,499,000원","['화면크기 : 17인치(43~44cm)', '무게 : 4.6kg', '종류 : 코어i9 10세대', '운영체제 : 미포함(FreeDos)', 'CPU : 코어i9-10900K', '칩셋 제조사 : 인텔', 'CPU속도 : 3.7GHz', '터보부스트 : 5.3GHz', '램 : 32GB', '메모리 타입 : DDR4', 'NVIDIA GPU : 지포스 RTX2080 Super', '그래픽 메모리 : 8GB', '해상도 : 1920x1080(FHD)', '패널 : IPS패널(광시야각)', '주사율 : 144Hz', '화면비율 : 16대9', '무선랜 : 무선랜 802.11 ax(Wi-Fi6)', '블루투스 : 블루투스5.1', '영상출력 : 썬더볼트3', 'miniDisplayPort', 'HDMI(2.0)', '단자 : USB Type C', 'USB3.0', '부가기능 : 웹캠', '키보드라이트(RGB)', 'SSD : 1TB', 'SSD 인터페이스 : M.2', '배터리용량 : 97Wh', '웹카메라 : 전면', '품목 : 노트북', '두께 : 4.5cm', '보안기능 : 지문인식']"
가성비노트북 대여 삼성 갤럭시북 플러스 온라인 인터넷강의 사무용,"29,000원","['화면크기 : 15인치(37~39cm)', '무게 : 1.19kg', '종류 : 코어i3 10세대', '운영체제 : 미포함(FreeDos)', 'CPU : 셀러론-5205U', '칩셋 제조사 : 인텔', '코어종류 : 듀얼코어', '코드명 : 코멧레이크', 'CPU속도 : 2.1GHz', '터보부스트 : 4.1GHz', '램 : 4GB', '메모리 타입 : DDR4', '인텔 GPU : 인텔UHD', '해상도 : 1920x1080(FHD)', '화면비율 : 16대9', '베젤 : 슬림베젤', '디스플레이 종류 : QLED', '화면펼침 : 180˚', '밝기 : 슈퍼브라이트(600nit)', '패널코팅 : 안티글레어', '무선랜 : 무선랜 802.11 ax(Wi-Fi6)', '블루투스 : 블루투스5.0', '영상출력 : HDMI', '썬더볼트3', '단자 : USB Type C', 'USB3.1', '부가기능 : 키보드라이트', 'SSD : 256GB', 'SSD 인터페이스 : NVMe', '배터리용량 : 69Wh', '웹카메라 : 전면', '품목 : 노트북', '두께 : 1.49cm', '조명 : LED백라이트', '색상 : 실버']"
LG전자 올뉴그램 15Z980-GA56K,"1,482,010원","['화면크기 : 15인치(37~39cm)', '무게 : 1.09kg', '종류 : 코어i5 8세대', '운영체제 : 윈도우10 홈', 'CPU : 코어i5-8250U', '칩셋 제조사 : 인텔', '코어종류 : 쿼드코어', '코드명 : 카비레이크-R(8세대)', 'CPU속도 : 1.6GHz', '터보부스트 : 3.4GHz', '램 : 8GB', '메모리 타입 : DDR4', '인텔 GPU : UHD620', '그래픽 메모리 : 시스템 메모리 공유', '해상도 : 1920x1080(FHD)', '패널 : IPS패널(광시야각)', '화면비율 : 16대9', '특징 : 울트라북', '가벼운노트북', '학습,사무용', '휴대용', 'bit유형 : 64', '무선랜 : 무선랜 802.11 ac(Wi-Fi5)', '블루투스 : 지원', '유선랜 : 유선랜(기가비트)', '영상출력 : HDMI', '단자 : USB Type C', 'USB3.0', '부가기능 : 키보드라이트', '웹캠', 'Reader모드', '키보드라이트(자동밝기조절)', 'SSD : 512GB', 'SSD 인터페이스 : M.2', 'ODD : 광Drive없음', '배터리 타입 : 리튬폴리머', '배터리용량 : 72Wh', '저전력 : O', '사운드 : DTS Headphone X', '품목 : 노트북', '두께 : 1.68cm', '조명 : LED백라이트', '색상 : 화이트', '입력장치 : 독립형키보드', '숫자키패드', '보안기능 : 지문인식']"
포유디지탈 아이뮤즈 스톰북15프로_윈도우10,"611,890원","['화면크기 : 15인치(37~39cm)', '무게 : 1.6kg', '종류 : 코어M', '운영체제 : 윈도우10 홈', 'CPU : 코어M3-6Y30', '칩셋 제조사 : 인텔', 'CPU속도 : 1.2GHz', '터보부스트 : 2.2GHz', '램 : 8GB', '메모리 타입 : LPDDR3', '인텔 GPU : HD515', '그래픽 메모리 : 시스템 메모리 공유', '해상도 : 1920x1080(FHD)', 'bit유형 : 64', '블루투스 : 블루투스 4.2', '영상출력 : HDMI(2.0)', '단자 : USB Type C', 'USB3.0', '부가기능 : 웹캠', '웹카메라 : 전면', '품목 : 노트북', '두께 : 13.5mm', '보안기능 : 지문인식']"
DELL 인스피론 DN7300-WH04KR,"1,449,000원","['화면크기 : 13인치(32~35cm)', '무게 : 1.015kg', '종류 : 코어i7 11세대', '운영체제 : 윈도우10 홈', 'CPU : 코어i7-1165G7', '칩셋 제조사 : 인텔', '코어종류 : 쿼드코어', '터보부스트 : 4.7GHz', '램 : 8GB', '메모리 타입 : LPDDR4x', 'NVIDIA GPU : 지포스 MX350', '그래픽 메모리 : 2GB', '해상도 : 1920x1080(FHD)', '패널 : IPS패널(광시야각)', 'sRGB : 100%', '밝기 : 슈퍼브라이트(300nit)', '특징 : 가벼운노트북', '무선랜 : 무선랜 802.11 ax(Wi-Fi6)', '블루투스 : 블루투스5.1', '영상출력 : HDMI(2.0)', '썬더볼트4', '단자 : USB3.0', '카드 슬롯 : MicroSD카드', '부가기능 : 웹캠', 'SSD : 512GB', 'SSD 인터페이스 : M.2', '배터리용량 : 53Wh', '배터리cell수 : 4cell', '웹카메라 : 전면', '무상AS : 1년', '품목 : 노트북', '두께 : 1.65cm', '보안기능 : 지문인식']"
레노버 싱크패드 X1 Extreme G2-20QVS02C00,"1,998,990원","['화면크기 : 15인치(37~39cm)', '무게 : 1.7kg', '종류 : 코어i5 9세대', 'CPU : 코어i5-9300H', '칩셋 제조사 : 인텔', '코어종류 : 쿼드코어', '코드명 : 커피레이크-R(9세대)', 'CPU속도 : 2.4GHz', '터보부스트 : 4.1GHz', '램 : 8GB', '메모리 타입 : DDR4', 'NVIDIA GPU : 지포스GTX1650', '인텔 GPU : UHD630', '그래픽 메모리 : 4GB', '해상도 : 1920x1080(FHD)', '패널 : IPS패널(광시야각)', '화면비율 : 16대9', '밝기 : 슈퍼브라이트(300nit)', 'bit유형 : 64', '무선랜 : 무선랜 802.11 ax(Wi-Fi6)', '블루투스 : 블루투스5.0', '영상출력 : HDMI', '썬더볼트3', '단자 : USB Type C', 'USB3.0', '부가기능 : 키보드라이트', 'SSD : 256GB', 'SSD 인터페이스 : NVMe', '사용시간 : 최대14시간', '품목 : 노트북', '두께 : 1.84cm', '색상 : 블랙', '보안기능 : 지문인식']"
LG전자 그램16 16ZD90P-GX7LK,"1,949,000원","['화면크기 : 16인치(40~42cm)', '무게 : 1.19kg', '종류 : 코어i7 11세대', '운영체제 : 미포함(FreeDos)', 'CPU : 코어i7-1165G7', '칩셋 제조사 : 인텔', '코어종류 : 쿼드코어', '코드명 : 타이거레이크', 'CPU속도 : 2.8GHz', '터보부스트 : 4.7GHz', '램 : 16GB', '메모리 타입 : LPDDR4x', '인텔 GPU : Iris Xe Graphics', '그래픽 메모리 : 시스템 메모리 공유', '해상도 : 2560x1600(WQXGA)', '패널 : IPS패널(광시야각)', '화면비율 : 16대10', '베젤 : 슬림베젤', '무선랜 : 무선랜 802.11 ax(Wi-Fi6)', '블루투스 : 지원', '유선랜 : 유선랜있음', '영상출력 : HDMI', '썬더볼트4', '단자 : USB Type C', 'USB3.1', '카드 슬롯 : UFS', '부가기능 : 키보드라이트', '웹캠', 'MIL-STD', 'USB-PD', 'SSD : 256GB', 'SSD 인터페이스 : NVMe', '배터리 타입 : 리튬이온', '배터리용량 : 80Wh', '웹카메라 : 전면', '사운드 : DTS: X Ultra', '품목 : 노트북', '두께 : 1.68cm', 'DCI-P3 : 99%', '입력장치 : 숫자키패드', '보안기능 : 지문인식']"
삼성전자 갤럭시북 플렉스 알파 NT730QCR-A716A,"1,548,000원","['화면크기 : 13인치(32~35cm)', '무게 : 1.19kg', '종류 : 코어i7 10세대', '운영체제 : 미포함(FreeDos)', 'CPU : 코어i7-10510U', '칩셋 제조사 : 인텔', '코어종류 : 쿼드코어', '코드명 : 코멧레이크', 'CPU속도 : 1.8GHz', '터보부스트 : 4.9GHz', '램 : 16GB', '메모리 타입 : DDR4', '인텔 GPU : 인텔UHD', '그래픽 메모리 : 시스템 메모리 공유', '해상도 : 1920x1080(FHD)', '패널 : 광시야각', '디스플레이 특징 : 터치스크린', '자동 밝기 조절', 'LCD 회전', '베젤 : 슬림베젤', '디스플레이 종류 : QLED', '무선랜 : 무선랜 802.11 ax(Wi-Fi6)', '블루투스 : 블루투스5.0', '영상출력 : HDMI', '단자 : USB Type C', 'USB3.0', '부가기능 : 키보드라이트', '웹캠', 'S펜', 'SSD : 256GB', '품목 : 노트북', '두께 : 13.9mm']"
DELL DN7300-WH06KR,"1,628,990원","['화면크기 : 13인치(32~35cm)', '무게 : 1.015kg', '종류 : 코어i7 11세대', '운영체제 : 윈도우10 홈', 'CPU : 코어i7-1165G7', '칩셋 제조사 : 인텔', '코어종류 : 쿼드코어', '터보부스트 : 4.7GHz', '램 : 16GB', '메모리 타입 : LPDDR4x', 'NVIDIA GPU : 지포스 MX350', '그래픽 메모리 : 2GB', '해상도 : 1920x1080(FHD)', '패널 : IPS패널(광시야각)', 'sRGB : 100%', '밝기 : 슈퍼브라이트(300nit)', '특징 : 가벼운노트북', '무선랜 : 무선랜 802.11 ax(Wi-Fi6)', '블루투스 : 블루투스5.1', '영상출력 : HDMI(2.0)', '썬더볼트4', '단자 : USB3.0', '카드 슬롯 : MicroSD카드', '부가기능 : 웹캠', 'SSD : 512GB', 'SSD 인터페이스 : M.2', '배터리용량 : 53Wh', '배터리cell수 : 4cell', '웹카메라 : 전면', '무상AS : 1년', '품목 : 노트북', '두께 : 1.65cm', '보안기능 : 지문인식']"
DELL 인스피론 DN7300-WH03KR,"1,329,000원","['화면크기 : 13인치(32~35cm)', '무게 : 1.015kg', '종류 : 코어i5 11세대', '운영체제 : 윈도우10 홈', 'CPU : 코어i5-1135G7', '칩셋 제조사 : 인텔', '코어종류 : 쿼드코어', '터보부스트 : 4.2GHz', '램 : 8GB', '메모리 타입 : LPDDR4x', 'NVIDIA GPU : 지포스 MX350', '그래픽 메모리 : 2GB', '해상도 : 1920x1080(FHD)', '패널 : IPS패널(광시야각)', 'sRGB : 100%', '밝기 : 슈퍼브라이트(300nit)', '특징 : 가벼운노트북', '무선랜 : 무선랜 802.11 ax(Wi-Fi6)', '블루투스 : 블루투스5.1', '영상출력 : HDMI(2.0)', '썬더볼트4', '단자 : USB3.0', '카드 슬롯 : MicroSD카드', '부가기능 : 웹캠', 'SSD : 512GB', 'SSD 인터페이스 : M.2', '배터리용량 : 53Wh', '배터리cell수 : 4cell', '웹카메라 : 전면', '무상AS : 1년', '품목 : 노트북', '두께 : 1.65cm', '보안기능 : 지문인식']"
레노버 싱크패드 X1 카본 8세대 20U9000QKR,"1,727,560원","['화면크기 : 14인치(35~36cm)', '무게 : 1.09kg', '종류 : 코어i5 10세대', '운영체제 : 윈도우10 홈', 'CPU : 코어i5-10210U', '칩셋 제조사 : 인텔', '코어종류 : 쿼드코어', '코드명 : 코멧레이크', 'CPU속도 : 1.6GHz', '터보부스트 : 4.2GHz', '램 : 16GB', '메모리 타입 : LPDDR3', '인텔 GPU : 인텔UHD', '그래픽 메모리 : 시스템 메모리 공유', '해상도 : 1920x1080(FHD)', '화면비율 : 16대9', '화면펼침 : 180˚', '밝기 : 슈퍼브라이트(400nit)', '특징 : 가벼운노트북', 'bit유형 : 64', '패널코팅 : 안티글레어', '무선랜 : 무선랜 802.11 ax(Wi-Fi6)', '블루투스 : 블루투스5.0', '영상출력 : HDMI', '썬더볼트3', '단자 : USB Type C', 'USB3.0', '부가기능 : 키보드라이트', '웹캠', '고속충전', 'SSD : 256GB', 'SSD 인터페이스 : NVMePCIe', '사용시간 : 최대18시간', '무상AS : 3년', '품목 : 노트북', '두께 : 14.9mmmm', '보안기능 : 지문인식']"
ASUS 게이밍노트북 TUF FX505DT 라이젠7 RAM 16GB 윈도우10 Pro [예약판매],"1,249,000원","['화면크기 : 15인치(37~39cm)', '무게 : 2.2kg', '종류 : 라이젠7-2세대', '운영체제 : 윈도우10 프로', 'CPU : 라이젠7-3750H', '칩셋 제조사 : AMD', '코어종류 : 쿼드코어', '코드명 : 피카소', 'CPU속도 : 2.3GHz', '터보부스트 : 3.7GHz', '터보코어 : 3.7GHz', '램 : 16GB', '메모리 타입 : DDR4', 'NVIDIA GPU : 지포스GTX1650', 'AMD GPU : 라데온 Vega 8', '그래픽 메모리 : 4GB', '해상도 : 1920x1080(FHD)', '패널 : 광시야각', '주사율 : 144Hz', '화면비율 : 16대9', '베젤 : 슬림베젤', '밝기 : 250nit', '특징 : 게이밍(게임용)', '그래픽작업용', 'bit유형 : 64bit', '패널코팅 : 안티글레어', '무선랜 : 무선랜 802.11 ac(Wi-Fi5)', '블루투스 : 블루투스5.0', '유선랜 : 유선랜(1Gbps)', '영상출력 : HDMI', '단자 : USB2.0', 'USB3.1', '부가기능 : 키보드라이트', '웹캠', 'MIL-STD', 'SSD : 512GB', 'SSD 인터페이스 : NVMe', '배터리 타입 : 리튬이온', '배터리용량 : 48Wh', '배터리cell수 : 3cell', '웹카메라 : 전면', '사운드 : DTS Headphone X', '무상AS : 1년', '품목 : 노트북', '두께 : 2.6cm', '조명 : LED백라이트', '색상 : 건메탈']"
Apple 맥북 프로 2020년형 M1 CTO 512GB,"2,185,400원","['화면크기 : 13인치(32~35cm)', '무게 : 1.4kg', '운영체제 : macOS Big Sur', 'CPU : M1', '칩셋 제조사 : 애플', '코어종류 : 옥타코어', '코드명 : 파이어스톰', '램 : 16GB', '해상도 : 2560x1600(WQXGA)', '패널 : IPS패널(광시야각)', '밝기 : 슈퍼브라이트(500nit)', '무선랜 : 무선랜 802.11 ax(Wi-Fi6)', '블루투스 : 블루투스5.0', '영상출력 : 썬더볼트3', 'DisplayPort', '썬더볼트', '단자 : USB Type C', 'USB3.1', '부가기능 : 키보드라이트', '웹캠', 'SSD : 512GB', '배터리 타입 : 리튬폴리머', '배터리용량 : 58.2Wh', '충전단자 : Type C', '사용시간 : 최대20시간', '웹카메라 : 전면', '품목 : 노트북', '두께 : 1.56cm', '조명 : LED백라이트', 'DCI-P3 : 지원', '입력장치 : 멀티제스처패드', '터치bar', '보안기능 : 지문인식']"
LG전자 울트라PC 15U370-LR20K,"700,000원","['화면크기 : 15인치(37~39cm)', '무게 : 1.65kg', '종류 : 펜티엄', '운영체제 : 윈도우10 홈', 'CPU : N4200', '칩셋 제조사 : 인텔', '코어종류 : 쿼드코어', '코드명 : 아폴로레이크', 'CPU속도 : 1.1GHz', '버스트 : 2.5GHz', '램 : 4GB', '메모리 타입 : DDR3L', '인텔 GPU : GMA HD 505', '그래픽 메모리 : 시스템 메모리 공유', '해상도 : 1920x1080(FHD)', '패널 : IPS패널(광시야각)', '화면비율 : 16대9', '특징 : 울트라북', 'bit유형 : 64', '무선랜 : 무선랜 802.11 ac(Wi-Fi5)', '유선랜 : 유선랜(100Mbps)', '영상출력 : HDMI', '단자 : USB3.0', 'USB2.0', 'microUSB', '부가기능 : 웹캠', '안면인식', 'SSD : 128GB', 'ODD : 광Drive없음', '배터리 타입 : 리튬폴리머', '저전력 : O', '품목 : 노트북', '두께 : 1.9cm', '조명 : LED백라이트', '부피 : 1807cc', '색상 : 실버', '입력장치 : 숫자키패드']"
LG전자 울트라기어 17U70P-FA76K,"1,994,050원","['화면크기 : 17인치(43~44cm)', '무게 : 1.95kg', '종류 : 코어i7 11세대', '운영체제 : 윈도우10 홈', 'CPU : 코어i7-1165G7', '칩셋 제조사 : 인텔', '코어종류 : 쿼드코어', '코드명 : 타이거레이크', 'CPU속도 : 2.8GHz', '터보부스트 : 4.7GHz', '램 : 8GB', '메모리 타입 : DDR4', 'NVIDIA GPU : 지포스 GTX1650 Ti', '그래픽 메모리 : 4GB', '해상도 : 2560x1600(WQXGA)', '패널 : IPS패널(광시야각)', '화면비율 : 16대10', '특징 : 게이밍(게임용)', 'bit유형 : 64', '무선랜 : 무선랜 802.11 ax(Wi-Fi6)', '블루투스 : 지원', '유선랜 : 유선랜있음', '영상출력 : HDMI', '썬더볼트4', '단자 : USB3.1', '카드 슬롯 : MicroSD카드', '부가기능 : 키보드라이트', '웹캠', 'USB-PD', 'SSD : 256GB', 'SSD 인터페이스 : NVMe', '배터리 타입 : 리튬이온', '배터리용량 : 80Wh', '웹카메라 : 전면', '스피커 : 스테레오스피커', '사운드 : DTS: X Ultra', '품목 : 노트북', '두께 : 1.99cm', '조명 : LED백라이트', '색상 : 다크실버', '입력장치 : 숫자키패드']"
LG전자 그램15 15Z90N-HR56K,"1,590,000원","['화면크기 : 15인치(37~39cm)', '무게 : 1.13kg', '종류 : 코어i5 10세대', '운영체제 : 윈도우10 홈', 'CPU : 코어i5-1035G7', '칩셋 제조사 : 인텔', '코어종류 : 쿼드코어', '코드명 : 아이스레이크', 'CPU속도 : 1.2GHz', '터보부스트 : 3.7GHz', '램 : 8GB', '메모리 타입 : DDR4', '인텔 GPU : Iris Plus', '해상도 : 1920x1080(FHD)', '패널 : IPS패널(광시야각)', '화면비율 : 16대9', '베젤 : 슬림베젤', '특징 : 가벼운노트북', '터치 : 터치화면', 'bit유형 : 64', '무선랜 : 무선랜 802.11 ax(Wi-Fi6)', '블루투스 : 지원', '유선랜 : 유선랜(1Gbps)', '영상출력 : HDMI', '썬더볼트3', '단자 : USB Type C', 'USB3.1', '부가기능 : 키보드라이트', '웹캠', '고속충전', 'Reader모드', 'MIL-STD', 'USB-PD', 'SSD : 256GB', 'SSD 인터페이스 : NVMe', '배터리 타입 : 리튬이온', '배터리용량 : 80Wh', '저전력 : O', '웹카메라 : 전면', '무상AS : 1년', '품목 : 노트북', '두께 : 1.68cm', '색상 : 화이트', '입력장치 : 숫자키패드', '보안기능 : 지문인식']"
ASUS G712LU-EV001,"1,732,990원","['화면크기 : 17인치(43~44cm)', '무게 : 2.83kg', '종류 : 코어i7 10세대', '운영체제 : 미포함(FreeDos)', 'CPU : 코어i7-10750H', '칩셋 제조사 : 인텔', '코어종류 : 헥사코어', '코드명 : 코멧레이크', 'CPU속도 : 2.6GHz', '터보부스트 : 5.0GHz', '램 : 8GB', '메모리 타입 : DDR4', 'NVIDIA GPU : 지포스 GTX1660 Ti', '인텔 GPU : 인텔HD', '그래픽 메모리 : 6GB', '해상도 : 1920x1080(FHD)', '패널 : IPS패널(광시야각)', '주사율 : 144Hz', '화면비율 : 16대9', '베젤 : 슬림베젤', '밝기 : 슈퍼브라이트(300nit)', '특징 : 게이밍(게임용)', '그래픽작업용', '패널코팅 : 안티글레어', '무선랜 : 무선랜 802.11 ax(Wi-Fi6)', '블루투스 : 지원', '유선랜 : 유선랜(1Gbps)', '영상출력 : HDMI(2.0)', '단자 : USB Type C', 'USB3.0', 'USB3.1', '방향키 : ㅗ형', '부가기능 : 웹캠', '키보드라이트(RGB)', 'SSD : 512GB', 'SSD 인터페이스 : M.2', '배터리용량 : 66Wh', '배터리cell수 : 4cell', '충전단자 : DC', '웹카메라 : 전면', '품목 : 노트북', '두께 : 2.65cm', '입력장치 : 독립형키보드', '숫자키패드']"
HP 파빌리온 x360 14-dh1149TU,"858,800원","['화면크기 : 14인치(35~36cm)', '무게 : 1.59kg', '종류 : 코어i5 10세대', '운영체제 : 윈도우10 홈', 'CPU : 코어i5-10210U', '칩셋 제조사 : 인텔', '코어종류 : 쿼드코어', '코드명 : 코멧레이크', 'CPU속도 : 1.6GHz', '터보부스트 : 4.2GHz', '램 : 8GB', '메모리 타입 : DDR4', '인텔 GPU : 인텔HD', '해상도 : 1920x1080(FHD)', '패널 : IPS패널(광시야각)', '화면비율 : 16대9', '베젤 : 슬림베젤', '특징 : 학습,사무용', '터치 : 터치화면', 'bit유형 : 64', '무선랜 : 무선랜 802.11 ac(Wi-Fi5)', '블루투스 : 블루투스5.0', '영상출력 : HDMI', '단자 : USB Type C', 'USB3.1', '부가기능 : 키보드라이트', 'SSD : 256GB', 'SSD 인터페이스 : NVMe', '배터리용량 : 41Wh', '배터리cell수 : 3cell', '웹카메라 : 전면', '품목 : 노트북', '두께 : 1.97cm', '조명 : LED백라이트', '보안기능 : 지문인식']"
예약판매 램총16G업 RTX30신모델 MSI 게이밍노트북 GP66 레오파드 10UE i7/RTX3060,"1,649,000원",[]
IGNIQ 바이북 프로 14X 2세대 리프레시,"677,910원","['화면크기 : 14인치(35~36cm)', '무게 : 1.52kg', '종류 : 코어i5 10세대', '운영체제 : 미포함(FreeDos)', 'CPU : 코어i5-10210U', '메모리 타입 : DDR4', 'NVIDIA GPU : 지포스MX250', '인텔 GPU : UHD Graphics 620', '해상도 : 3840x2160(UHD)', '디스플레이 특징 : 컨설팅 모드', '밝기 : 슈퍼브라이트(400nit)', '무선랜 : 무선랜 802.11 ac(Wi-Fi5)', '블루투스 : 블루투스5.0', '단자 : USB Type C', 'USB3.0', '부가기능 : 키보드라이트', '웹캠', '180˚화면펼침', '360˚회전화면', 'USB-PD', 'SSD 인터페이스 : M.2', '사용시간 : 최대9시간', '보안기능 : 지문인식']"
HP 15-EH0124AU,"899,000원","['화면크기 : 15인치(37~39cm)', '무게 : 1.718kg', '종류 : 라이젠7-1세대', '운영체제 : 미포함(FreeDos)', 'CPU : 라이젠7-4700U', '칩셋 제조사 : AMD', '코어종류 : 옥타코어', '코드명 : 르누아르', '램 : 16GB', '메모리 타입 : DDR4', 'AMD GPU : 라데온 Graphics', '그래픽 메모리 : 시스템 메모리 공유', '해상도 : 1920x1080(FHD)', '패널 : IPS패널(광시야각)', 'NTSC : 45%', '밝기 : 250nit', '패널코팅 : 안티글레어', '무선랜 : 무선랜 802.11 ax(Wi-Fi6)', '블루투스 : 블루투스5.0', '유선랜 : 유선랜있음', '영상출력 : DisplayPort', 'HDMI(2.0)', '단자 : USB Type C', 'USB', '부가기능 : 키보드라이트', '웹캠', 'SSD : 512GB', 'SSD 인터페이스 : NVMePCIe', '배터리용량 : 41Wh', '배터리cell수 : 3cell', '웹카메라 : 전면', '스피커 : 뱅앤올룹슨스피커', '무상AS : 1년', '품목 : 노트북', '두께 : 1.79cm']"
LG전자 울트라PC 15UD490-GX56K,"859,000원","['화면크기 : 16인치(40~42cm)', '무게 : 1.89kgkg', '종류 : 라이젠5-1세대', '운영체제 : 미포함(FreeDos)', '칩셋 제조사 : AMD', '코어종류 : 쿼드코어', 'CPU속도 : 2.0GHz', '터보부스트 : 3.6GHz', '터보코어 : 3.6GHz', '램 : 8GB', '메모리 타입 : DDR4', 'AMD GPU : 라데온 Vega 8', '그래픽 메모리 : 시스템 메모리 공유', '해상도 : 1920x1080(FHD)', '패널 : IPS패널(광시야각)', '화면비율 : 16대9', '특징 : 울트라북', '블루투스 : 지원', '유선랜 : 유선랜(1Gbps)', '영상출력 : HDMI', '부가기능 : 웹캠', 'SSD : 256GB', 'SSD 인터페이스 : M.2', '배터리 타입 : 리튬이온', '사운드 : DTS Headphone X', '품목 : 노트북', '두께 : 2.09cmcm', '색상 : 화이트', '입력장치 : 독립형키보드']"
HP 엘리트북 850 G8-3D3W6PA,"1,067,010원","['화면크기 : 15인치(37~39cm)', '무게 : 1.69kg', '종류 : 코어i5 11세대', '운영체제 : 미포함(FreeDos)', 'CPU : 코어i5-1135G7', '칩셋 제조사 : 인텔', '코어종류 : 쿼드코어', '코드명 : 타이거레이크', '터보부스트 : 4.2GHz', '램 : 8GB', '메모리 타입 : DDR4', '인텔 GPU : Iris Xe Graphics', '그래픽 메모리 : 시스템 메모리 공유', '해상도 : 1920x1080(FHD)', '패널 : IPS패널(광시야각)', 'sRGB : 100%', '밝기 : 슈퍼브라이트(400nit)', '패널코팅 : 안티글레어', '무선랜 : 무선랜 802.11 ax(Wi-Fi6)', '블루투스 : 블루투스5.0', '영상출력 : 썬더볼트', 'HDMI(2.0)', '단자 : USB Type C', 'USB3.0', 'USB3.1', '부가기능 : 키보드라이트', '웹캠', '고속충전', 'MIL-STD', '방수키보드', 'SSD : 512GB', 'SSD 인터페이스 : PCle', '배터리 타입 : 리튬폴리머', '배터리용량 : 53Wh', '배터리cell수 : 3cell', '웹카메라 : 전면', '무상AS : 1년', '품목 : 노트북', '두께 : 1.92cm', '보안기능 : 지문인식', '얼굴인식']"
레노버 싱크북 20V3A004KR,"1,399,000원","['화면크기 : 15인치(37~39cm)', '무게 : 1.9kg', '종류 : 코어i7 10세대', '운영체제 : 미포함(FreeDos)', 'CPU : 코어i7-10750H', '칩셋 제조사 : 인텔', '코어종류 : 헥사코어', '코드명 : 코멧레이크', '터보부스트 : 5.0GHz', '램 : 16GB', '메모리 타입 : DDR4', 'NVIDIA GPU : 지포스 GTX1650 Ti Max-Q', '그래픽 메모리 : 4GB', '해상도 : 1920x1080(FHD)', '패널 : IPS패널(광시야각)', '화면비율 : 16대9', '베젤 : 슬림베젤', 'sRGB : 100%', '화면펼침 : 180˚', '밝기 : 슈퍼브라이트(300nit)', '특징 : 게이밍(게임용)', '패널코팅 : 안티글레어', '무선랜 : 무선랜 802.11 ax(Wi-Fi6)', '블루투스 : 블루투스5.1', '유선랜 : 유선랜', '영상출력 : HDMI(2.0)', '단자 : USB Type C', 'USB3.0', '카드 슬롯 : SD카드', '부가기능 : 키보드라이트', '웹캠', '고속충전', 'SSD : 512GB', 'SSD 인터페이스 : M.2', '배터리용량 : 57Wh', '사용시간 : 최대7시간', '웹카메라 : 전면', '스피커 : 하만스피커', '무상AS : 1년', '품목 : 노트북', '두께 : 1.99cmcm', '보안기능 : 지문인식']"
HP 파빌리온 14-dv0075TU,"849,000원","['화면크기 : 14인치(35~36cm)', '무게 : 1.41kg', '종류 : 코어i5 11세대', '운영체제 : 윈도우10 홈', 'CPU : 코어i5-1135G7', '칩셋 제조사 : 인텔', '코어종류 : 쿼드코어', '코드명 : 타이거레이크', 'CPU속도 : 4.2GHz', '램 : 8GB', '메모리 타입 : DDR4', '인텔 GPU : Iris Xe Graphics', '그래픽 메모리 : 시스템 메모리 공유', '해상도 : 1920x1080(FHD)', '패널 : IPS패널(광시야각)', 'NTSC : 45%', '밝기 : 250nit', '무선랜 : 무선랜 802.11 ax(Wi-Fi6)', '블루투스 : 블루투스5.0', '영상출력 : HDMI(2.0)', '단자 : USB Type C', 'USB3.0', 'USB3.1', '카드 슬롯 : MicroSD카드', '부가기능 : 키보드라이트', '웹캠', 'SSD : 256GB', 'SSD 인터페이스 : PCle', '배터리 타입 : 리튬폴리머', '배터리용량 : 43Wh', '배터리cell수 : 3cell', '사용시간 : 최대9시간', '웹카메라 : 전면', '스피커 : 뱅앤올룹슨스피커', '무상AS : 1년', '품목 : 노트북', '두께 : 1.7cm']"
삼성전자 노트북PEN NT930QAA-K28A,"1,498,990원",[]
HP 프로북 450 G8 2Z9A3PA,"1,190,000원","['화면크기 : 15인치(37~39cm)', '무게 : 1.74kg', '종류 : 코어i5 11세대', '운영체제 : 윈도우10 프로', 'CPU : 코어i5-1135G7', '칩셋 제조사 : 인텔', '코어종류 : 쿼드코어', '코드명 : 타이거레이크', 'CPU속도 : 2.4GHz', '터보부스트 : 4.2GHz', '램 : 8GB', '메모리 타입 : DDR4', 'NVIDIA GPU : 지포스 MX450', '인텔 GPU : Iris Xe Graphics', '그래픽 메모리 : 2GB', '해상도 : 1920x1080(FHD)', '패널 : IPS패널(광시야각)', '화면비율 : 16대9', '베젤 : 슬림베젤', '화면펼침 : 180˚', '밝기 : 250nit', '특징 : 학습,사무용', '패널코팅 : 안티글레어', '무선랜 : 무선랜 802.11 ax(Wi-Fi6)', '블루투스 : 블루투스5.0', '영상출력 : HDMI', '단자 : USB Type C', 'USB3.0', '카드 슬롯 : MicroSD카드', 'SD카드', '방향키 : ㅡ형', '부가기능 : 키보드라이트', '웹캠', '고속충전', '안면인식', 'MIL-STD', 'USB-PD', 'SSD : 256GB', 'SSD 인터페이스 : NVMe', '배터리 타입 : 리튬이온', '배터리용량 : 45Wh', '배터리cell수 : 3cell', '충전단자 : DC', '웹카메라 : 전면', '품목 : 노트북', '두께 : 1.99cm', '입력장치 : 독립형키보드', '숫자키패드', '보안기능 : 지문인식', '얼굴인식', 'TPM']"
삼성전자 노트북5 NT500R5W-LD3A,"721,100원","['화면크기 : 15인치(37~39cm)', '무게 : 1.86kg', '종류 : 코어i3 7세대', '운영체제 : 리눅스', 'CPU : 코어i3-7100U', '칩셋 제조사 : 인텔', '코어종류 : 듀얼코어', '코드명 : 카비레이크(7세대)', 'CPU속도 : 2.4GHz', '램 : 8GB', '메모리 타입 : DDR4', '인텔 GPU : GMA HD 620', '그래픽 메모리 : 시스템 메모리 공유', '해상도 : 1920x1080(FHD)', '화면비율 : 16대9', '디스플레이 특징 : 컨설팅 모드', '화면펼침 : 180˚', '특징 : 울트라북', '무선랜 : 무선랜 802.11 ac(Wi-Fi5)', '블루투스 : 블루투스 4.1', '유선랜 : 유선랜(1Gbps)', '영상출력 : HDMI', '단자 : USB3.0', 'USB2.0', '부가기능 : 웹캠', '180˚화면펼침', 'SSD : 256GB', 'HDD 용량 : 2TB', 'ODD : 광Drive없음', '배터리용량 : 43Wh', '저전력 : O', '품목 : 노트북', '두께 : 2.08cm', '조명 : LED백라이트', '부피 : 1934cc', '색상 : 화이트', '입력장치 : 숫자키패드']"
LG전자 그램17 17Z990-VA50K,"1,649,000원","['화면크기 : 17인치(43~44cm)', '무게 : 1.34kg', '운영체제 : 윈도우10 홈', 'CPU : 코어i5-8265U', '칩셋 제조사 : 인텔', '코어종류 : 쿼드코어', '코드명 : 위스키레이크(8세대)', 'CPU속도 : 1.6GHz', '터보부스트 : 3.9GHz', '램 : 8GB', '메모리 타입 : DDR4', '인텔 GPU : UHD620', '그래픽 메모리 : 시스템 메모리 공유', '해상도 : 2560x1600(WQXGA)', '패널 : IPS패널(광시야각)', '화면비율 : 16대10', 'bit유형 : 64', '블루투스 : 지원', '유선랜 : 유선랜(1Gbps)', '영상출력 : HDMI', '썬더볼트3', '부가기능 : 키보드라이트', '웹캠', '이지충전', '퀵충전', 'SSD : 256GB', 'SSD 인터페이스 : M.2', 'ODD : 광Drive없음', '배터리 타입 : 리튬이온', '사운드 : DTS Headphone X', '품목 : 노트북', '두께 : 1.74cm', '조명 : LED백라이트', '색상 : 화이트', '입력장치 : 숫자키패드', '보안기능 : 지문인식']"
MSI GP76 Leopard 10UG WIN10,"2,243,000원","['화면크기 : 17인치(43~44cm)', '무게 : 2.9', '운영체제 : 윈도우10 홈', 'CPU : 코어i7-10870H', '칩셋 제조사 : 인텔', '코어종류 : 옥타코어', '코드명 : 코멧레이크', 'CPU속도 : 2.2GHz', '램 : 8GB', '메모리 타입 : DDR4', 'NVIDIA GPU : RTX3070', '그래픽 메모리 : 8GB', '해상도 : 1920x1080(FHD)', '패널 : IPS패널(광시야각)', '주사율 : 144Hz', '베젤 : 인피니티(초슬림)베젤', '밝기 : 슈퍼브라이트(300nit)', '특징 : 게이밍(게임용)', '무선랜 : 무선랜 802.11 ax(Wi-Fi6)', '블루투스 : 블루투스5.1', '영상출력 : HDMI', '단자 : USB Type C', 'USB3.0', 'USB3.1', '부가기능 : 웹캠', '키보드라이트(RGB)', 'SSD : 512GB', 'SSD 인터페이스 : NVMe', '배터리용량 : 65Wh', '배터리cell수 : 4cell', '웹카메라 : 전면', '사운드 : Nahimic오디오', '품목 : 노트북', '두께 : 2.6']"
LG전자 그램15 15ZD995-VX70K,"1,567,910원","['화면크기 : 15인치(37~39cm)', '무게 : 1.099kg', '종류 : 코어i7 10세대', '운영체제 : 미포함(FreeDos)', 'CPU : 코어i7-10510U', '칩셋 제조사 : 인텔', '코드명 : 코멧레이크', 'CPU속도 : 1.8GHz', '터보부스트 : 4.9GHz', '램 : 8GB', '메모리 타입 : DDR4', '인텔 GPU : 인텔UHD', '그래픽 메모리 : 시스템 메모리 공유', '해상도 : 1920x1080(FHD)', '패널 : IPS패널(광시야각)', '특징 : 가벼운노트북', '무선랜 : 무선랜 802.11 ax(Wi-Fi6)', '블루투스 : 지원', '유선랜 : 유선랜(1Gbps)', '영상출력 : HDMI', '썬더볼트3', '단자 : USB Type C', 'USB3.1', '부가기능 : 키보드라이트', '웹캠', 'SSD : 256GB', 'SSD 인터페이스 : M.2', 'Optane : 16GB', '배터리 타입 : 리튬이온', '배터리용량 : 72Wh', '품목 : 노트북', '두께 : 1.68cm', '디자인 : Single-Shell Body', '색상 : 스노우화이트', '보안기능 : 지문인식']"
삼성전자 오디세이 NT800G5S-XD5A,"1,366,630원","['화면크기 : 15인치(37~39cm)', '무게 : 2.62kg', '종류 : 코어i5 7세대', '운영체제 : 리눅스', 'CPU : 코어i5-7300HQ(카비레이크)', '칩셋 제조사 : 인텔', '코어종류 : 쿼드코어', '코드명 : 카비레이크(7세대)', 'CPU속도 : 2.5GHz', '터보부스트 : 3.5GHz', '램 : 8GB', '메모리 타입 : DDR4', 'NVIDIA GPU : 지포스 GTX 1060', '그래픽 메모리 : 6GB', '해상도 : 1920x1080(FHD)', '패널 : 광시야각', '화면비율 : 16대9', '특징 : 게이밍(게임용)', '무선랜 : 무선랜 802.11 ac(Wi-Fi5)', '블루투스 : 블루투스 4.1', '유선랜 : 유선랜(1Gbps)', '영상출력 : HDMI', '단자 : USB3.0', 'USB2.0', '부가기능 : 키보드라이트', '웹캠', 'SSD : 256GB', 'HDD 용량 : 1TB', 'ODD : 광Drive없음', '품목 : 노트북', '두께 : 3.09cm', '조명 : LED백라이트', '부피 : 3037cc', '색상 : 블랙', '입력장치 : 숫자키패드']"
HP 15s-fq1003TU,"509,730원","['화면크기 : 15인치(37~39cm)', '무게 : 1.74kg', '종류 : 코어i3 10세대', '운영체제 : 미포함(FreeDos)', 'CPU : 코어i3-1005G1', '칩셋 제조사 : 인텔', '코어종류 : 듀얼코어', '코드명 : 아이스레이크', 'CPU속도 : 1.2GHz', '터보부스트 : 3.4GHz', '램 : 4GB', '메모리 타입 : DDR4', '인텔 GPU : 인텔HD', '해상도 : 1920x1080(FHD)', '패널 : IPS패널(광시야각)', '화면비율 : 16대9', '베젤 : 슬림베젤', '특징 : 학습,사무용', '무선랜 : 무선랜 802.11 ac(Wi-Fi5)', '블루투스 : 블루투스 4.2', '영상출력 : HDMI', '단자 : USB Type C', 'USB3.1', 'SSD : 128GB', 'SSD 인터페이스 : M.2', '사용시간 : 최대13시간', '웹카메라 : 전면', '품목 : 노트북', '두께 : 1.99cm', '조명 : LED백라이트', '입력장치 : 독립형키보드']"
한성컴퓨터 BossMonster X7067TW,"1,429,000원","['화면크기 : 17인치(43~44cm)', '무게 : 2.4kg', '운영체제 : 윈도우10 홈', 'CPU : 코어i7-10875H', '칩셋 제조사 : 인텔', '코어종류 : 옥타코어', 'CPU속도 : 2.3GHz', '터보부스트 : 5.1GHz', '램 : 8GB', '메모리 타입 : DDR4', 'NVIDIA GPU : 지포스 GTX1660 Ti', '인텔 GPU : 인텔UHD', '그래픽 메모리 : 6GB', '해상도 : 1920x1080(FHD)', '패널 : IPS패널(광시야각)', '주사율 : 144Hz', '화면비율 : 16대9', '블루투스 : 블루투스5.1', '영상출력 : miniDisplayPort', 'HDMI(2.0)', '단자 : USB Type C', 'USB3.0', 'USB2.0', '부가기능 : 웹캠', '키보드라이트(RGB)', 'SSD : 250GB', 'SSD 인터페이스 : M.2', '배터리용량 : 48.96Wh', '품목 : 노트북', '두께 : 3cm']"
Apple 맥북 프로 13형 2020년형 256G 스페이스 그레이 (MXK32KH/A),"1,708,950원","['화면크기 : 13인치(32~35cm)', '무게 : 1.4kg', '종류 : 코어i5 8세대', '운영체제 : MAC OS', '칩셋 제조사 : 인텔', '코어종류 : 쿼드코어', 'CPU속도 : 1.4GHz', '터보부스트 : 3.9GHz', '램 : 8GB', '메모리 타입 : LPDDR3', '인텔 GPU : Iris Plus 645', '그래픽 메모리 : 시스템 메모리 공유', '해상도 : 2560x1600(WQXGA)', '패널 : IPS패널(광시야각)', '화면비율 : 16대10', '밝기 : 슈퍼브라이트(500nit)', 'bit유형 : 64', '무선랜 : 무선랜 802.11 ac(Wi-Fi5)', '블루투스 : 블루투스5.0', '영상출력 : 썬더볼트3(2개)', 'DisplayPort', '단자 : USB3.1', '부가기능 : 키보드라이트', '웹캠', '키보드라이트(LED)', '페이스타임', '아이메시지', '애플앱스토어', '에어드롭', 'SSD : 256GB', 'HDD 용량 : 미포함', 'ODD : 광Drive없음', '배터리용량 : 58Wh', '사용시간 : 최대10시간', '무상AS : 1년', '품목 : 노트북', '두께 : 1.56cm', '조명 : LED백라이트', '색상 : 스페이스그레이', '입력장치 : 독립형키보드', '보안기능 : 지문인식']"
HP ENVY 15-ep0094TX,"1,899,000원","['화면크기 : 15인치(37~39cm)', '무게 : 2.14kg', '종류 : 코어i7 10세대', '운영체제 : 윈도우10 홈', 'CPU : 코어i7-10750H', '칩셋 제조사 : 인텔', '코어종류 : 헥사코어', '코드명 : 코멧레이크', 'CPU속도 : 2.6GHz', '램 : 16GB', 'NVIDIA GPU : 지포스GTX1660Ti Max-Q', '그래픽 메모리 : 6GB', '해상도 : 1920x1080(FHD)', '밝기 : 슈퍼브라이트(400nit)', 'bit유형 : 64', '패널코팅 : 안티글레어', '무선랜 : 무선랜 802.11 ax(Wi-Fi6)', '블루투스 : 블루투스5.0', '영상출력 : 썬더볼트3(2개)', '단자 : USB Type C', 'USB3.0', '카드 슬롯 : MicroSD카드', '부가기능 : 키보드라이트', '웹캠', 'SSD : 512GB', 'SSD 인터페이스 : PCle', '웹카메라 : 전면', '스피커 : 뱅앤올룹슨스피커', '품목 : 노트북', '두께 : 1.84cm']"
LG전자 그램14 14Z90P-G.AA50K,"1,633,460원","['화면크기 : 14인치(35~36cm)', '무게 : 0.999kg', '종류 : 코어i5 11세대', '운영체제 : 윈도우10 홈', 'CPU : 코어i5-1135G7', '칩셋 제조사 : 인텔', '코어종류 : 쿼드코어', '코드명 : 타이거레이크', 'CPU속도 : 2.4GHz', '터보부스트 : 4.2GHz', '램 : 8GB', '메모리 타입 : DDR4', '인텔 GPU : Iris Xe Graphics', '그래픽 메모리 : 시스템 메모리 공유', '해상도 : 1920x1200(WUXGA)', '패널 : IPS패널(광시야각)', '화면비율 : 16대10', '베젤 : 슬림베젤', '특징 : 가벼운노트북', 'bit유형 : 64', '무선랜 : 무선랜 802.11 ax(Wi-Fi6)', '블루투스 : 지원', '유선랜 : 유선랜(1Gbps)', '영상출력 : HDMI', '썬더볼트4', '단자 : USB Type C', 'USB3.1', '카드 슬롯 : UFS', '부가기능 : 키보드라이트', '웹캠', 'MIL-STD', 'USB-PD', 'SSD : 256GB', 'SSD 인터페이스 : M.2', '배터리 타입 : 리튬이온', '배터리용량 : 72Wh', '웹카메라 : 전면', '사운드 : DTS: X Ultra', '품목 : 노트북', '두께 : 1.68cm', '보안기능 : 지문인식']"
HP ZBook Studio G7-2X043AV,"5,799,000원","['화면크기 : 15인치(37~39cm)', '무게 : 1.79kg', '종류 : 코어i9 10세대', '운영체제 : 윈도우10 프로', 'CPU : 코어i9-10885H', '칩셋 제조사 : 인텔', '코어종류 : 옥타코어', '코드명 : 코멧레이크', 'CPU속도 : 2.4GHz', '터보부스트 : 5.3GHz', '램 : 32GB', '메모리 타입 : DDR4', 'NVIDIA GPU : 쿼드로 RTX5000', '그래픽 메모리 : 16GB', '해상도 : 1920x1080(FHD)', '패널 : IPS패널(광시야각)', 'NTSC : 72%', '밝기 : 슈퍼브라이트(400nit)', '특징 : 그래픽작업용', 'bit유형 : 64', '무선랜 : 무선랜 802.11 ax(Wi-Fi6)', '블루투스 : 블루투스5.0', '영상출력 : 썬더볼트3', 'miniDisplayPort', 'HDMI(2.0)', '단자 : USB3.1', '카드 슬롯 : SD카드', '방향키 : ㅡ형', '부가기능 : 키보드라이트', '웹캠', '고속충전', '안면인식', 'MIL-STD', '방수키보드', 'SSD : 1TB', 'SSD 인터페이스 : PCle', '배터리 타입 : 리튬폴리머', '배터리용량 : 83Wh', '배터리cell수 : 6cell', '사용시간 : 최대18시간', '웹카메라 : 전면', '스피커 : 뱅앤올룹슨스피커', '무상AS : 3년', '품목 : 노트북', '두께 : 1.79cm', '입력장치 : 독립형키보드', '보안기능 : 지문인식', 'TPM', '웹캠 OFF']"
삼성전자 노트북9 METAL NT900X5L-K79S,"1,768,990원","['화면크기 : 15인치(37~39cm)', '무게 : 1.29kg', '종류 : 코어i7 6세대', '운영체제 : 윈도우10 홈', 'CPU : 코어i7-6500U', '칩셋 제조사 : 인텔', '코어종류 : 듀얼코어', '코드명 : 스카이레이크(6세대)', 'CPU속도 : 2.5GHz', '터보부스트 : 3.1GHz', '램 : 8GB', '메모리 타입 : LPDDR3', '인텔 GPU : GMA HD 520', '그래픽 메모리 : 시스템 메모리 공유', '해상도 : 1920x1080(FHD)', '화면비율 : 16대9', '디스플레이 특징 : LCD 회전', '베젤 : 슬림베젤', '화면펼침 : 180˚', '밝기 : 슈퍼브라이트(350nit)', '특징 : 울트라북', '무선랜 : 무선랜 802.11 ac(Wi-Fi5)', '블루투스 : 블루투스 4.1', '유선랜 : 유선랜(1Gbps)', '영상출력 : HDMI', '단자 : USB Type C', 'USB3.0', '부가기능 : 웹캠', '802.11n', '180˚화면펼침', '멀티 카드 리더기', '사이드싱크', '퀵충전', 'SSD : 256GB', 'ODD : 광Drive없음', '사용시간 : 최대12시간', '저전력 : O', '품목 : 노트북', '두께 : 1.45cm', '조명 : LED백라이트', '부피 : 1192cc', '색상 : 실버', '입력장치 : 독립형키보드']"
HP 250 G8 364B1PC,"691,650원","['화면크기 : 15인치(37~39cm)', '종류 : 코어i3 11세대', '운영체제 : 윈도우10 프로', 'CPU : 코어i3-1115G4', '코어종류 : 듀얼코어', 'CPU속도 : 3.0GHz', '터보부스트 : 4.1GHz', '램 : 8GB', '메모리 타입 : DDR4', '화면비율 : 16대9', '무선랜 : 무선랜 802.11 ax(Wi-Fi6)', '블루투스 : 블루투스5.0', 'SSD : 256GB', 'SSD 인터페이스 : M.2', '품목 : 노트북']"
레노버 싱크패드 ThinkPad L15 20U7S01400,"699,000원","['화면크기 : 15인치(37~39cm)', '무게 : 1.98kg', '종류 : 라이젠3-1세대', '운영체제 : 미포함(FreeDos)', '칩셋 제조사 : AMD', '코어종류 : 쿼드코어', '코드명 : 르누아르', 'CPU속도 : 2.5GHz', '터보부스트 : 3.7GHz', '램 : 8GB', '메모리 타입 : DDR4', 'AMD GPU : 라데온 Graphics', '그래픽 메모리 : 시스템 메모리 공유', '해상도 : 1920x1080(FHD)', '화면비율 : 16대9', '화면펼침 : 180˚', '밝기 : 250nit', '패널코팅 : 안티글레어', '무선랜 : 무선랜 802.11 ax(Wi-Fi6)', '블루투스 : 블루투스5.0', '영상출력 : HDMI', '단자 : USB Type C', 'USB3.0', '부가기능 : 키보드라이트', '웹캠', '고속충전', '180˚화면펼침', 'SSD : 256GB', 'SSD 인터페이스 : M.2', '사용시간 : 최대11시간', '무상AS : 1년', '품목 : 노트북', '두께 : 2.1cm', '보안기능 : 충격보호']"
MSI GE66 레이더 10SF,"2,299,000원","['화면크기 : 15인치(37~39cm)', '무게 : 2.38kg', '종류 : 코어i7 10세대', '운영체제 : 미포함(FreeDos)', 'CPU : 코어i7-10875H', '칩셋 제조사 : 인텔', '코어종류 : 옥타코어', '램 : 16GB', '메모리 타입 : DDR4', 'NVIDIA GPU : 지포스 RTX2070', '그래픽 메모리 : 8GB', '해상도 : 1920x1080(FHD)', '주사율 : 240Hz', '밝기 : 슈퍼브라이트(300nit)', '특징 : 게이밍(게임용)', '블루투스 : 블루투스5.1', '영상출력 : HDMI', 'miniDisplayPort', '단자 : USB Type C', '부가기능 : 키보드라이트(RGB)', 'SSD : 512GB', 'SSD 인터페이스 : M.2', '품목 : 노트북', '두께 : 2.34cm']"
삼성전자 노트북PEN NT950QAA-X716,"1,934,690원","['화면크기 : 15인치(37~39cm)', '무게 : 1.72kg', '종류 : 코어i7 8세대', '운영체제 : 윈도우10 홈', 'CPU : 코어i7-8550U', '칩셋 제조사 : 인텔', '코어종류 : 쿼드코어', '코드명 : 카비레이크-R(8세대)', 'CPU속도 : 1.8GHz', '터보부스트 : 4.0GHz', '램 : 16GB', '메모리 타입 : DDR4', 'AMD GPU : 라데온540', '인텔 GPU : UHD620', '그래픽 메모리 : 2GB', '해상도 : 1920x1080(FHD)', '화면비율 : 16대9', '특징 : 플립형', '터치 : 터치화면', '무선랜 : 무선랜 802.11 ac(Wi-Fi5)', '블루투스 : 블루투스 4.1', '영상출력 : HDMI', '단자 : USB Type C', 'USB3.0', '부가기능 : 안면인식', '에어커맨드', '보이스노트', '이지충전', 'S펜', '퀵충전', 'SSD : 512GB', 'ODD : 광Drive없음', '배터리용량 : 54Wh', '저전력 : O', '품목 : 노트북', '두께 : 1.69cm', '조명 : LED백라이트', '부피 : 1402cc', '색상 : 실버', '입력장치 : 독립형키보드']"
LG전자 올뉴그램 15Z980-GA76K,"1,880,050원","['화면크기 : 15인치(37~39cm)', '무게 : 1.09kg', '종류 : 코어i7 8세대', '운영체제 : 윈도우10 홈', 'CPU : 코어i7-8550U', '칩셋 제조사 : 인텔', '코어종류 : 쿼드코어', '코드명 : 카비레이크-R(8세대)', 'CPU속도 : 1.8GHz', '터보부스트 : 4.0GHz', '램 : 16GB', '메모리 타입 : DDR4', '인텔 GPU : UHD620', '그래픽 메모리 : 시스템 메모리 공유', '해상도 : 1920x1080(FHD)', '패널 : IPS패널(광시야각)', '화면비율 : 16대9', '특징 : 울트라북', '휴대용', 'bit유형 : 64', '무선랜 : 무선랜 802.11 ac(Wi-Fi5)', '블루투스 : 지원', '영상출력 : HDMI', '단자 : USB Type C', 'USB3.0', '부가기능 : 키보드라이트', '웹캠', 'Reader모드', 'SSD : 512GB', 'SSD 인터페이스 : M.2', 'ODD : 광Drive없음', '배터리 타입 : 리튬폴리머', '배터리용량 : 72Wh', '저전력 : O', '사운드 : DTS Headphone X', '품목 : 노트북', '두께 : 1.68cm', '조명 : LED백라이트', '부피 : 1371cc', '색상 : 화이트', '입력장치 : 독립형키보드', '보안기능 : 지문인식']"
삼성전자 노트북5 METAL NT560XAZ-AD31A,"628,990원","['화면크기 : 15인치(37~39cm)', '무게 : 1.9kg', '종류 : 코어i3 8세대', '운영체제 : 리눅스', 'CPU : 코어i3-8130U', '칩셋 제조사 : 인텔', '코어종류 : 듀얼코어', '코드명 : 카비레이크-R(8세대)', 'CPU속도 : 2.2GHz', '터보부스트 : 3.4GHz', '램 : 4GB', '메모리 타입 : DDR4', '인텔 GPU : HD620', '그래픽 메모리 : 시스템 메모리 공유', '해상도 : 1920x1080(FHD)', '패널 : 광시야각', '화면비율 : 16대9', '특징 : 학습,사무용', '무선랜 : 무선랜 802.11 ac(Wi-Fi5)', '블루투스 : 블루투스 4.1', '유선랜 : 유선랜(100Mbps)', '영상출력 : HDMI', '단자 : USB3.0', 'USB2.0', '부가기능 : 웹캠', 'SSD : 128GB', 'SSD 인터페이스 : NVMe', 'HDD 용량 : 500GB', 'ODD : 광Drive없음', '배터리용량 : 43Wh', '품목 : 노트북', '두께 : 1.96cm', '조명 : LED백라이트', '부피 : 1833cc', '색상 : 실버', '입력장치 : 독립형키보드', '숫자키패드']"
삼성 갤럭시북 플렉스 알파 초경량 가벼운 13인치 대학생 인강용 노트북,"1,348,900원","['화면크기 : 13인치(32~35cm)', '무게 : 1.19kg', '종류 : 코어i3 10세대', '운영체제 : 리눅스', '칩셋 제조사 : 인텔', '코어종류 : 듀얼코어', '코드명 : 코멧레이크', 'CPU속도 : 2.1GHz', '터보부스트 : 4.1GHz', '램 : 8GB', '메모리 타입 : LPDDR4x', '인텔 GPU : 인텔UHD', '그래픽 메모리 : 시스템 메모리 공유', '해상도 : 1920x1080(FHD)', '패널 : 광시야각', '화면비율 : 16대9', '디스플레이 특징 : 터치스크린', '자동 밝기 조절', '컨설팅 모드', 'LCD 회전', '베젤 : 인피니티(초슬림)베젤', '디스플레이 종류 : QLED', '화면펼침 : 360˚', '밝기 : 슈퍼브라이트(600nit)', '특징 : 가벼운노트북', '모니터회전형(상하)', '터치 : 터치화면', 'bit유형 : 64bit', '무선랜 : 무선랜 802.11 ax(Wi-Fi6)', '블루투스 : 블루투스5.0', '영상출력 : HDMI', '단자 : USB Type C', 'USB3.0', '부가기능 : 키보드라이트', '웹캠', '고속충전', '180˚화면펼침', 'S펜', '터치펜', '아웃도어모드', '퀵충전', '360˚회전화면', 'SSD : 256GB', 'SSD 인터페이스 : NVMe', 'ODD : 광Drive없음', '배터리 타입 : 리튬이온', '사용시간 : 최대20시간', '웹카메라 : 전면', '무상AS : 1년', '품목 : 노트북', '조명 : LED백라이트', '색상 : 그레이']"
LG전자 탭북 듀오 10T550-B530K 32G,"757,070원","['화면크기 : 10인치(25~26cm)', '운영체제 : 윈도우8.1', 'CPU : 아톰-Z3745', '칩셋 제조사 : 인텔', 'CPU속도 : 1.33GHz', '램 : 2GB', '인텔 GPU : 인텔HD', '그래픽 메모리 : 시스템 메모리 공유', '화면비율 : 16대9', '디스플레이 특징 : 터치스크린', '특징 : 가벼운노트북', '미니', '블루투스 : 지원', '영상출력 : HDMI', 'microHDMI', '부가기능 : 웹캠', '802.11n', 'ODD : 옵션(선택사양)']"
삼성전자 노트북5 NEW NT500R5W-KD2S,"578,990원","['화면크기 : 15인치(37~39cm)', '무게 : 1.86kg', '종류 : 펜티엄', '운영체제 : 미포함(FreeDos)', 'CPU : 4415U', '칩셋 제조사 : 인텔', '코어종류 : 듀얼코어', '코드명 : 카비레이크(7세대)', 'CPU속도 : 2.3GHz', '램 : 4GB', '메모리 타입 : DDR4', '인텔 GPU : GMA HD 610', '그래픽 메모리 : 시스템 메모리 공유', '해상도 : 1920x1080(FHD)', '패널 : 광시야각', '화면비율 : 16대9', '화면펼침 : 180˚', '특징 : 학습,사무용', '무선랜 : 무선랜 802.11 ac(Wi-Fi5)', '블루투스 : 블루투스 4.1', '유선랜 : 유선랜(기가비트)', '영상출력 : HDMI', '단자 : USB3.0', 'USB2.0', '부가기능 : 웹캠', '180˚화면펼침', 'SSD : 128GB', 'HDD 용량 : 2TB', 'ODD : 광Drive없음', '저전력 : O', '품목 : 노트북', '두께 : 2.08cm', '조명 : LED백라이트', '부피 : 1934cc', '색상 : 블랙', '입력장치 : 독립형키보드', '숫자키패드']"
레노버 YOGA Slim7 Carbon13ITL5 82EV0033KR,"1,119,000원","['화면크기 : 13인치(32~35cm)', '무게 : 0.97kg', '종류 : 코어i5 11세대', '운영체제 : 미포함(FreeDos)', 'CPU : 코어i5-1135G7', '칩셋 제조사 : 인텔', '코어종류 : 쿼드코어', '코드명 : 타이거레이크', 'CPU속도 : 2.4GHz', '터보부스트 : 4.2GHz', '램 : 8GB', '메모리 타입 : LPDDR4x', '인텔 GPU : Iris Xe Graphics', '그래픽 메모리 : 시스템 메모리 공유', '해상도 : 2560x1600(WQXGA)', '패널 : IPS패널(광시야각)', '화면비율 : 16대10', 'sRGB : 100%', 'NTSC : 72%', '밝기 : 슈퍼브라이트(300nit)', '특징 : 가벼운노트북', '휴대용', '패널코팅 : 안티글레어', '무선랜 : 무선랜 802.11 ax(Wi-Fi6)', '블루투스 : 블루투스5.1', '영상출력 : DisplayPort', '썬더볼트4', '단자 : USB Type C', 'USB3.1', '방향키 : ㅡ형', '부가기능 : 키보드라이트', '웹캠', '고속충전', 'MIL-STD', 'USB-PD', 'SSD : 256GB', 'SSD 인터페이스 : NVMe', '배터리 타입 : 리튬폴리머', '배터리용량 : 50Wh', '충전단자 : Type C', '사용시간 : 최대15시간', '웹카메라 : 전면', '품목 : 노트북', '두께 : 1.5cm', '입력장치 : 독립형키보드', '보안기능 : 얼굴인식']"
노트북7 Force NT760XBE-X58 코어i5 /GTX 1650/우체국,"1,299,000원","['화면크기 : 15인치(37~39cm)', '무게 : 1.85kg', '종류 : 코어i5 8세대', '운영체제 : 윈도우10 홈', 'CPU : 코어i5-8265U', '칩셋 제조사 : 인텔', '코어종류 : 쿼드코어', '코드명 : 위스키레이크(8세대)', 'CPU속도 : 1.6GHz', '터보부스트 : 3.9GHz', '램 : 8GB', '메모리 타입 : DDR4', 'NVIDIA GPU : 지포스GTX1650', '인텔 GPU : UHD620', '그래픽 메모리 : 4GB', '해상도 : 1920x1080(FHD)', '패널 : 광시야각', '무선랜 : 무선랜 802.11 ac(Wi-Fi5)', '블루투스 : 블루투스5.0', '유선랜 : 유선랜(1Gbps)', '영상출력 : HDMI', '단자 : USB Type C', 'USB3.0', '부가기능 : 키보드라이트', '웹캠', 'SSD : 256GB', 'SSD 인터페이스 : NVMe', '배터리용량 : 43Wh', '사운드 : 돌비Atoms오디오', '품목 : 노트북', '두께 : 1.79cm', '조명 : LED백라이트', '색상 : 블랙', '입력장치 : 숫자키패드', '보안기능 : 지문인식']"
삼성전자 노트북M NT110S1R-K15WS,"766,360원","['화면크기 : 11인치(27~29cm)', '무게 : 1.2kg', '종류 : 셀러론', '운영체제 : 미포함(FreeDos)', 'CPU : N3060', '칩셋 제조사 : 인텔', '코어종류 : 듀얼코어', '코드명 : 브라스웰', 'CPU속도 : 1.6GHz', '버스트 : 2.48GHz', '램 : 4GB', '메모리 타입 : DDR3L', '인텔 GPU : HD400', '그래픽 메모리 : 시스템 메모리 공유', '해상도 : 1366x768(FWXGA)', '화면비율 : 16대9', '특징 : 미니', '학습,사무용', '휴대용', '무선랜 : 무선랜 802.11 n', '블루투스 : 블루투스 4.0', '유선랜 : 유선랜없음', '영상출력 : HDMI', '단자 : USB3.0', 'USB2.0', '부가기능 : 웹캠', '팬리스(무소음)', 'SSD : 128GB', 'ODD : 광Drive없음', '저전력 : O', '품목 : 노트북', '두께 : 1.74cm', '조명 : LED백라이트', '부피 : 1034cc', '색상 : 화이트', '입력장치 : 독립형키보드']"
기업 사무용 노트북 렌탈 i5 4세대 (단기 대여 옵션),"30,000원","['화면크기 : 14인치(35~36cm)', '무게 : 1.6kg', '운영체제 : 윈도우10', 'CPU : 코어i5-4200U', '칩셋 제조사 : 인텔', '코어종류 : 듀얼코어', '코드명 : 하스웰(4세대)', 'CPU속도 : 1.6GHz', '메모리 타입 : DDR3', '인텔 GPU : Intel HD Graphics', '해상도 : 1920x1080(FHD)', '특징 : 울트라북', '가벼운노트북', 'bit유형 : 64bit', 'SSD : 120GB', '품목 : 노트북']"
HP 14s-dq2006TU,"749,000원","['화면크기 : 14인치(35~36cm)', '무게 : 1.46kg', '종류 : 코어i5 11세대', '운영체제 : 윈도우10 홈', 'CPU : 코어i5-1135G7', '칩셋 제조사 : 인텔', '코드명 : 타이거레이크', '램 : 8GB', '메모리 타입 : DDR4', '인텔 GPU : Iris Xe Graphics', '그래픽 메모리 : 시스템 메모리 공유', '해상도 : 1920x1080(FHD)', '패널 : IPS패널(광시야각)', '베젤 : 슬림베젤', 'NTSC : 45%', '밝기 : 250nit', '무선랜 : 무선랜 802.11 ax(Wi-Fi6)', '블루투스 : 블루투스5.0', '영상출력 : HDMI', '단자 : USB Type C', 'USB3.1', '카드 슬롯 : SD카드', '부가기능 : 키보드라이트', '웹캠', '고속충전', 'SSD : 256GB', 'SSD 인터페이스 : NVMe', '배터리 타입 : 리튬폴리머', '배터리용량 : 41Wh', '배터리cell수 : 3cell', '웹카메라 : 전면', '스피커 : 스테레오스피커', '품목 : 노트북', '두께 : 1.79cm', '입력장치 : 멀티제스처패드']"
삼성전자 삼성 NT800G5M-X58S,"2,760,000원","['화면크기 : 15인치(37~39cm)', '무게 : 2.5kg', '종류 : 코어i5 7세대', '운영체제 : 윈도우10 홈', 'CPU : 코어i5-7300HQ(카비레이크)', '칩셋 제조사 : 인텔', '코어종류 : 쿼드코어', '코드명 : 카비레이크(7세대)', 'CPU속도 : 2.5GHz', '터보부스트 : 3.5GHz', '램 : 8GB', '메모리 타입 : DDR4', 'NVIDIA GPU : 지포스 GTX 1050', '그래픽 메모리 : 4GB', '해상도 : 1920x1080(FHD)', '패널 : 광시야각', '화면비율 : 16대9', '특징 : 게이밍(게임용)', '무선랜 : 무선랜 802.11 ac(Wi-Fi5)', '블루투스 : 블루투스 4.1', '유선랜 : 유선랜(1Gbps)', '영상출력 : HDMI', '단자 : USB3.0', 'USB2.0', '부가기능 : 키보드라이트', '웹캠', 'SSD : 256GB', 'HDD 용량 : 1TB', 'ODD : 광Drive없음', '품목 : 노트북', '두께 : 2.8cm', '조명 : LED백라이트', '부피 : 2569cc', '색상 : 화이트', '입력장치 : 숫자키패드']"
삼성전자 노트북5 NT550EAA-K24A,"714,180원","['화면크기 : 15인치(37~39cm)', '무게 : 1.9kg', '종류 : 펜티엄', '운영체제 : 윈도우10 홈', 'CPU : 4415U', '칩셋 제조사 : 인텔', '코어종류 : 듀얼코어', '코드명 : 카비레이크(7세대)', 'CPU속도 : 2.3GHz', '램 : 4GB', '메모리 타입 : DDR4', '인텔 GPU : GMA HD 610', '해상도 : 1920x1080(FHD)', '패널 : 광시야각', '화면비율 : 16대9', '무선랜 : 무선랜 802.11 ac(Wi-Fi5)', '블루투스 : 블루투스 4.1', '유선랜 : 유선랜있음', '영상출력 : HDMI', '단자 : USB3.0', 'USB2.0', 'SSD : 128GB', 'HDD 용량 : 1TB', 'ODD : 광Drive없음', '배터리용량 : 43Wh', '품목 : 노트북', '두께 : 1.99cm', '조명 : LED백라이트', '부피 : 1,868cc', '입력장치 : 숫자키패드']"
레노버 싱크패드 Workstation P1 Gen3 (20THS00E00),"2,398,990원","['화면크기 : 15인치(37~39cm)', '무게 : 1.7kg', '종류 : 코어i7 10세대', '운영체제 : 윈도우10 프로', 'CPU : 코어i7-10750H', '칩셋 제조사 : 인텔', '코어종류 : 헥사코어', '코드명 : 코멧레이크', 'CPU속도 : 2.6GHz', '터보부스트 : 5.0GHz', '램 : 8GB', '메모리 타입 : DDR4', 'NVIDIA GPU : 쿼드로 T1000', '그래픽 메모리 : 4GB', '해상도 : 1920x1080(FHD)', '패널 : 광시야각', '화면비율 : 16대9', '베젤 : 슬림베젤', '화면펼침 : 180˚', '밝기 : 슈퍼브라이트(300nit)', 'bit유형 : 64', '패널코팅 : 안티글레어', '무선랜 : 무선랜 802.11 ax(Wi-Fi6)', '블루투스 : 블루투스5.1', '영상출력 : 썬더볼트3', 'HDMI(2.0)', '단자 : USB Type C', '부가기능 : 웹캠', '키보드라이트(LED)', 'SSD : 256GB', 'SSD 인터페이스 : M.2', '배터리 타입 : 리튬폴리머', '배터리용량 : 80Wh', '사용시간 : 최대15시간30분', '웹카메라 : 전면', '무상AS : 3년', '품목 : 노트북', '두께 : 1.84cm', '조명 : LED백라이트', '색상 : 블랙']"
삼성전자 노트북5 NT500R5A-K35L,"807,580원","['화면크기 : 15인치(37~39cm)', '무게 : 1.86kg', '종류 : 코어i3 6세대', '운영체제 : 윈도우10 홈', 'CPU : 코어i3-6006U', '칩셋 제조사 : 인텔', '코어종류 : 듀얼코어', '코드명 : 스카이레이크(6세대)', 'CPU속도 : 2.0GHz', '램 : 4GB', '메모리 타입 : DDR4', '인텔 GPU : GMA HD 520', '그래픽 메모리 : 시스템 메모리 공유', '해상도 : 1920x1080(FHD)', '화면비율 : 16대9', '디스플레이 특징 : 컨설팅 모드', '화면펼침 : 180˚', '특징 : 울트라북', '블루투스 : 블루투스 4.1', '유선랜 : 유선랜(1Gbps)', '영상출력 : HDMI', '단자 : USB3.0', 'USB2.0', '부가기능 : 웹캠', '180˚화면펼침', 'SSD : 128GB', 'ODD : 광Drive없음', '배터리용량 : 43Wh', '저전력 : O', '품목 : 노트북', '두께 : 2.08cm', '조명 : LED백라이트', '부피 : 1934cc', '색상 : 화이트', '입력장치 : 숫자키패드']"
삼성전자 노트북5 NT550EAZ-AD51A,"844,990원","['화면크기 : 15인치(37~39cm)', '무게 : 1.9kg', '종류 : 코어i5 8세대', '운영체제 : 리눅스', 'CPU : 코어i5-8250U', '칩셋 제조사 : 인텔', '코어종류 : 쿼드코어', '코드명 : 카비레이크-R(8세대)', 'CPU속도 : 1.6GHz', '터보부스트 : 3.4GHz', '램 : 4GB', '메모리 타입 : DDR4', '인텔 GPU : UHD620', '그래픽 메모리 : 시스템 메모리 공유', '해상도 : 1920x1080(FHD)', '패널 : 광시야각', '화면비율 : 16대9', '무선랜 : 무선랜 802.11 ac(Wi-Fi5)', '블루투스 : 블루투스 4.1', '유선랜 : 유선랜', '영상출력 : HDMI', '단자 : USB3.0', 'USB2.0', '부가기능 : 키보드라이트', '웹캠', 'SSD : 256GB', 'SSD 인터페이스 : M.2', 'HDD 용량 : 1TB', 'ODD : 광Drive없음', '배터리용량 : 43Wh', '품목 : 노트북', '두께 : 1.99cm', '조명 : LED백라이트', '색상 : 화이트', '입력장치 : 숫자키패드']"
HP 15 G8 1G3U1AV PLUS,"1,899,000원","['화면크기 : 15인치(37~39cm)', '종류 : 코어i7 11세대', '운영체제 : 윈도우10 프로', 'CPU : 코어i7-1165G7', '칩셋 제조사 : 인텔', '코어종류 : 쿼드코어', '램 : 16GB', '메모리 타입 : DDR4', 'SSD : 512GB', 'SSD 인터페이스 : M.2', '품목 : 노트북']"
삼성전자 노트북5 METAL NT550XAZ-AD3A,"628,990원","['화면크기 : 15인치(37~39cm)', '무게 : 1.9kg', '종류 : 코어i3 7세대', '운영체제 : 미포함(FreeDos)', 'CPU : 코어i3-7020U', '칩셋 제조사 : 인텔', '코어종류 : 듀얼코어', '코드명 : 카비레이크(7세대)', 'CPU속도 : 2.3GHz', '램 : 8GB', '메모리 타입 : DDR4', '인텔 GPU : HD620', '그래픽 메모리 : 시스템 메모리 공유', '해상도 : 1920x1080(FHD)', '패널 : AH-IPS패널(광시야각)', '화면비율 : 16대9', '특징 : 학습,사무용', '무선랜 : 무선랜 802.11 ac(Wi-Fi5)', '블루투스 : 블루투스 4.1', '유선랜 : 유선랜있음', '영상출력 : HDMI', '단자 : USB3.0', 'USB2.0', '부가기능 : 웹캠', 'SSD : 256GB', 'SSD 인터페이스 : M.2', 'HDD 용량 : 1TB', '배터리용량 : 43Wh', '품목 : 노트북', '두께 : 1.96cm', '조명 : LED백라이트', '색상 : 실버', '입력장치 : 숫자키패드']"
LG전자 그램14 14Z90N-VR56K,"1,548,790원","['화면크기 : 14인치(35~36cm)', '무게 : 0.99kg', '종류 : 코어i5 10세대', '운영체제 : 윈도우10 홈', 'CPU : 코어i5-1035G7', '칩셋 제조사 : 인텔', '코어종류 : 쿼드코어', '코드명 : 아이스레이크', 'CPU속도 : 1.2GHz', '터보부스트 : 3.7GHz', '램 : 8GB', '메모리 타입 : DDR4', '인텔 GPU : Iris Plus', '그래픽 메모리 : 시스템 메모리 공유', '해상도 : 1920x1080(FHD)', '패널 : IPS패널(광시야각)', '화면비율 : 16대9', '베젤 : 슬림베젤', '디스플레이 종류 : LCD', '특징 : 울트라북', '가벼운노트북', 'bit유형 : 64', '무선랜 : 무선랜 802.11 ax(Wi-Fi6)', '블루투스 : 지원', '유선랜 : 유선랜(1Gbps)', '영상출력 : HDMI', '썬더볼트3', '단자 : USB Type C', 'USB3.1', '부가기능 : 키보드라이트', '웹캠', '고속충전', 'MIL-STD', 'USB-PD', 'SSD : 512GB', 'SSD 인터페이스 : NVMe', '배터리 타입 : 리튬이온', '배터리용량 : 72Wh', '웹카메라 : 전면', '무상AS : 1년', '품목 : 노트북', '두께 : 1.65cm', '조명 : LED백라이트', '색상 : 화이트', '입력장치 : 독립형키보드', '보안기능 : 지문인식']"
삼성전자 노트북5 NT500R5P-MD3S,"753,520원","['화면크기 : 15인치(37~39cm)', '무게 : 1.8kg', '종류 : 코어i3 6세대', '운영체제 : 미포함(FreeDos)', 'CPU : 코어i3-6100U', '칩셋 제조사 : 인텔', '코어종류 : 듀얼코어', '코드명 : 스카이레이크(6세대)', 'CPU속도 : 2.3GHz', '램 : 8GB', '메모리 타입 : DDR4', '인텔 GPU : GMA HD 520', '그래픽 메모리 : 시스템 메모리 공유', '해상도 : 1920x1080(FHD)', '화면비율 : 16대9', '특징 : 울트라북', '무선랜 : 무선랜 802.11 ac(Wi-Fi5)', '블루투스 : 블루투스 4.0', '유선랜 : 유선랜(1Gbps)', '영상출력 : HDMI', 'D-SUB', '단자 : USB3.0', 'USB2.0', '부가기능 : 웹캠', '멀티 카드 리더기', 'SSD : 128GB', 'HDD 용량 : 500GB', 'ODD : 광Drive없음', '저전력 : O', '품목 : 노트북', '두께 : 2.08cm', '조명 : LED백라이트', '부피 : 1934cc', '색상 : 화이트', '입력장치 : 숫자키패드']"
삼성전자 노트북5 NT550XAA-K34A,"807,590원","['화면크기 : 15인치(37~39cm)', '무게 : 1.95kgkg', '종류 : 코어i3 7세대', '운영체제 : 윈도우10 홈', 'CPU : 코어i3-7020U', '칩셋 제조사 : 인텔', '코어종류 : 듀얼코어', '코드명 : 카비레이크(7세대)', 'CPU속도 : 2.3GHz', '램 : 4GB', '메모리 타입 : DDR4', '인텔 GPU : GMA HD 620', '해상도 : 1920x1080(FHD)', '패널 : 광시야각', '화면비율 : 16대9', '무선랜 : 무선랜 802.11 ac(Wi-Fi5)', '블루투스 : 블루투스 4.1', '유선랜 : 유선랜있음', '영상출력 : HDMI', '단자 : USB3.0', 'USB2.0', 'HDD 용량 : 1TB', '배터리용량 : 43Wh', '품목 : 노트북', '두께 : 1.96cmcm', '조명 : LED백라이트', '색상 : 실버', '입력장치 : 숫자키패드']"
레노버 아이디어패드 L3-15IML 81Y3003CKR,"1,500,000원","['화면크기 : 15인치(37~39cm)', '무게 : 1.85kg', '종류 : 코어i5 10세대', '운영체제 : 미포함(FreeDos)', 'CPU : 코어i5-10210U', '칩셋 제조사 : 인텔', '코어종류 : 쿼드코어', '코드명 : 코멧레이크', 'CPU속도 : 1.6GHz', '터보부스트 : 4.2GHz', '램 : 4GB', '메모리 타입 : DDR4', '인텔 GPU : 인텔UHD', '그래픽 메모리 : 시스템 메모리 공유', '해상도 : 1920x1080(FHD)', '패널 : IPS패널(광시야각)', '화면비율 : 16대9', '패널코팅 : 안티글레어', '무선랜 : 무선랜 802.11 ac(Wi-Fi5)', '블루투스 : 블루투스5.0', '영상출력 : HDMI', '단자 : USB Type C', 'USB3.1', '부가기능 : 웹캠', 'SSD : 256GB', 'SSD 인터페이스 : NVMePCIe', '웹카메라 : 전면', '무상AS : 1년', '품목 : 노트북', '두께 : 2.29cm']"
Apple 15 MV902KH/A,"3,189,990원","['화면크기 : 15인치(37~39cm)', '무게 : 1.83kg', '종류 : 코어i7 9세대', '운영체제 : MAC OS', 'CPU : 코어i7-9750H', '칩셋 제조사 : 인텔', '코어종류 : 헥사코어', '코드명 : 커피레이크-R(9세대)', 'CPU속도 : 2.6GHz', '터보부스트 : 4.5GHz', '램 : 16GB', '메모리 타입 : DDR4', 'AMD GPU : 라데온 Pro 555X', '인텔 GPU : UHD630', '그래픽 메모리 : 4GB', '해상도 : 2880x1800(WQXGA)', '패널 : IPS패널(광시야각)', '밝기 : 슈퍼브라이트(500nit)', '특징 : 그래픽작업용', '무선랜 : 무선랜 802.11 ac(Wi-Fi5)', '블루투스 : 블루투스5.0', '영상출력 : 썬더볼트3', '썬더볼트3(4개)', '단자 : USB Type C', '부가기능 : 키보드라이트', 'SSD : 256GB', '배터리 타입 : 리튬폴리머', '배터리용량 : 83.6Wh', '웹카메라 : 전면', '품목 : 노트북', '두께 : 1.55cm', '색상 : 그레이', '입력장치 : 독립형키보드', '터치bar', '색표현 : 트루톤']"
삼성전자 삼성 NT800G5W-XD6S,"1,579,000원","['화면크기 : 15인치(37~39cm)', '무게 : 2.5kg', '종류 : 코어i5 7세대', '운영체제 : 미포함(FreeDos)', 'CPU : 코어i5-7300HQ(카비레이크)', '칩셋 제조사 : 인텔', '코어종류 : 쿼드코어', '코드명 : 카비레이크(7세대)', 'CPU속도 : 2.5GHz', '터보부스트 : 3.5GHz', '램 : 8GB', '메모리 타입 : DDR4', 'NVIDIA GPU : 지포스 GTX 1050', '그래픽 메모리 : 4GB', '해상도 : 1920x1080(FHD)', '패널 : 광시야각', '화면비율 : 16대9', '특징 : 게이밍(게임용)', '무선랜 : 무선랜 802.11 ac(Wi-Fi5)', '블루투스 : 블루투스 4.1', '유선랜 : 유선랜(1Gbps)', '영상출력 : HDMI', '단자 : USB3.0', 'USB2.0', '부가기능 : 키보드라이트', '웹캠', 'NVIDIA Optimus 기술', '멀티 카드 리더기', 'SSD : 256GB', 'HDD 용량 : 1TB', 'ODD : 광Drive없음', '품목 : 노트북', '두께 : 2.8cm', '조명 : LED백라이트', '부피 : 2569cccc', '색상 : 블랙', '입력장치 : 숫자키패드']"
한성컴퓨터 TFG7476HSW,"1,679,000원","['화면크기 : 17인치(43~44cm)', '무게 : 2.6kg', '종류 : 라이젠7-1세대', '운영체제 : 윈도우10 홈', 'CPU : 라이젠7-4800H', '칩셋 제조사 : AMD', '코어종류 : 옥타코어', '코드명 : 르누아르', 'CPU속도 : 2.9GHz', '터보부스트 : 4.2GHz', '램 : 16GB', '메모리 타입 : DDR4', 'NVIDIA GPU : 지포스 MX450', 'AMD GPU : 라데온 Graphics', '그래픽 메모리 : 2GB', '해상도 : 1920x1080(FHD)', '패널 : IPS패널(광시야각)', '주사율 : 144Hz', '화면비율 : 16대9', '베젤 : 슬림베젤', '패널코팅 : 안티글레어', '무선랜 : 무선랜 802.11 ax(Wi-Fi6)', '블루투스 : 블루투스5.1', '영상출력 : DisplayPort', 'HDMI 2.1', '단자 : USB Type C', 'USB3.0', 'USB2.0', 'USB3.1', '카드 슬롯 : SD카드', '부가기능 : 웹캠', '키보드라이트(RGB)', 'SSD : 500GB', 'SSD 인터페이스 : M.2', '배터리용량 : 62.32Wh', '웹카메라 : 전면', '무상AS : 1년', '품목 : 노트북', '두께 : 3cm']"
HP 15s-fq1076TU,"959,000원","['화면크기 : 15인치(37~39cm)', '무게 : 1.65kg', '종류 : 코어i3 10세대', '운영체제 : 윈도우10 홈', 'CPU : 코어i3-1005G1', '칩셋 제조사 : 인텔', '코어종류 : 듀얼코어', '코드명 : 아이스레이크', 'CPU속도 : 1.2GHz', '터보부스트 : 3.4GHz', '램 : 4GB', '메모리 타입 : DDR4', '인텔 GPU : 인텔UHD', '해상도 : 1920x1080(FHD)', '패널 : 광시야각', '화면비율 : 16대9', '베젤 : 슬림베젤', '특징 : 학습,사무용', '패널코팅 : 안티글레어', '무선랜 : 무선랜 802.11 ac(Wi-Fi5)', '블루투스 : 블루투스5.0', '영상출력 : HDMI', '단자 : USB Type C', 'USB3.0', 'SSD : 256GB', 'SSD 인터페이스 : NVMe', '사용시간 : 최대13시간', '웹카메라 : 전면', '품목 : 노트북', '두께 : 1.79cm', '색상 : 화이트', '입력장치 : 독립형키보드']"
삼성전자 노트북5 NEW NT500R5M-X78,"1,379,440원","['화면크기 : 15인치(37~39cm)', '무게 : 1.9kg', '종류 : 코어i7 7세대', '운영체제 : 윈도우10 홈', 'CPU : 코어i7-7500U', '칩셋 제조사 : 인텔', '코어종류 : 듀얼코어', '코드명 : 카비레이크(7세대)', 'CPU속도 : 2.7GHz', '터보부스트 : 3.5GHz', '램 : 8GB', '메모리 타입 : DDR4', 'NVIDIA GPU : 지포스 940MX', '그래픽 메모리 : 2GB', '해상도 : 1920x1080(FHD)', '패널 : 광시야각', '화면비율 : 16대9', '디스플레이 특징 : LCD 회전', '화면펼침 : 180˚', '특징 : 울트라북', '무선랜 : 무선랜 802.11 ac(Wi-Fi5)', '블루투스 : 블루투스 4.1', '유선랜 : 유선랜(기가비트)', '영상출력 : HDMI', '단자 : USB3.0', 'USB2.0', '부가기능 : 웹캠', '180˚화면펼침', 'NVIDIA Optimus 기술', '멀티 카드 리더기', 'SSD : 128GB', 'SSD 인터페이스 : M.2', 'HDD 용량 : 1TB', 'ODD : 광Drive없음', '저전력 : O', '품목 : 노트북', '두께 : 2.09cm', '조명 : LED백라이트', '부피 : 1944cc', '색상 : 블랙', '입력장치 : 독립형키보드', '숫자키패드']"
엘지 그램 17인치 LG노트북 임대 렌탈 대여 30일,"165,000원","['화면크기 : 17인치(43~44cm)', '무게 : 1.34kg', '운영체제 : 윈도우10 홈', 'CPU : 코어i5-8265U', '칩셋 제조사 : 인텔', '코어종류 : 쿼드코어', '코드명 : 위스키레이크(8세대)', 'CPU속도 : 1.6GHz', '터보부스트 : 3.9GHz', '램 : 8GB', '메모리 타입 : DDR4', '인텔 GPU : UHD620', '그래픽 메모리 : 시스템 메모리 공유', '해상도 : 2560x1600(WQXGA)', '패널 : IPS패널(광시야각)', '화면비율 : 16대10', 'bit유형 : 64bit', '블루투스 : 지원', '유선랜 : 유선랜(1Gbps)', '영상출력 : HDMI', '썬더볼트3', '부가기능 : 키보드라이트', '웹캠', '이지충전', '퀵충전', 'SSD : 256GB', 'SSD 인터페이스 : M.2', 'ODD : 광Drive없음', '배터리 타입 : 리튬이온', '사운드 : DTS Headphone X', '품목 : 노트북', '두께 : 1.74cm', '조명 : LED백라이트', '색상 : 화이트']"
삼성전자 노트북5 NT500R5L-Y77L,"1,398,990원","['화면크기 : 15인치(37~39cm)', '무게 : 1.9kg', '종류 : 코어i7 6세대', '운영체제 : 윈도우10 홈', 'CPU : 코어i7-6500U', '칩셋 제조사 : 인텔', '코어종류 : 듀얼코어', '코드명 : 스카이레이크(6세대)', 'CPU속도 : 2.5GHz', '터보부스트 : 3.1GHz', '램 : 8GB', '메모리 타입 : LPDDR3', 'NVIDIA GPU : 지포스 940M', '그래픽 메모리 : 2GB', '해상도 : 1920x1080(FHD)', '화면비율 : 16대9', '특징 : 울트라북', '무선랜 : 무선랜 802.11 ac(Wi-Fi5)', '블루투스 : 블루투스 4.1', '유선랜 : 유선랜(1Gbps)', '영상출력 : HDMI', 'D-SUB', '단자 : USB3.0', 'USB2.0', '부가기능 : 웹캠', 'NVIDIA Optimus 기술', '멀티 카드 리더기', '사이드싱크', 'SSD : 128GB', 'HDD 용량 : 1TB', 'ODD : 광Drive없음', '저전력 : O', '품목 : 노트북', '두께 : 2.08cm', '조명 : LED백라이트', '부피 : 1934cc', '색상 : 블랙', '입력장치 : 숫자키패드']"
삼성전자 노트북5 NT500R5S-KD2S,"556,410원","['화면크기 : 15인치(37~39cm)', '무게 : 1.9kg', '종류 : 펜티엄', '운영체제 : 미포함(FreeDos)', 'CPU : 3805U', '칩셋 제조사 : 인텔', '코어종류 : 듀얼코어', '코드명 : 브로드웰(5세대)', 'CPU속도 : 1.9GHz', '램 : 4GB', '메모리 타입 : LPDDR3', '인텔 GPU : 인텔HD', '그래픽 메모리 : 시스템 메모리 공유', '해상도 : 1366x768(FWXGA)', '화면비율 : 16대9', '무선랜 : 무선랜 802.11 ac(Wi-Fi5)', '블루투스 : 블루투스 4.0', '유선랜 : 유선랜(1Gbps)', '영상출력 : HDMI', 'D-SUB', '단자 : USB3.0', 'USB2.0', '부가기능 : 웹캠', '멀티 카드 리더기', '사이드싱크', 'SSD : 128GB', 'HDD 용량 : 1TB', 'ODD : 광Drive없음', '저전력 : O', '품목 : 노트북', '두께 : 2.29cm', '조명 : LED백라이트', '부피 : 2130cccc', '색상 : 블랙', '입력장치 : 숫자키패드']"
HP Pavilion15 15-eg0116TX i7/8G/512G/MX450/PD충전,"1,019,000원","['화면크기 : 15인치(37~39cm)', '무게 : 1.85kg', '종류 : 코어i7 11세대', '운영체제 : 미포함(FreeDos)', 'CPU : 코어i7-1165G7', '칩셋 제조사 : 인텔', '코어종류 : 쿼드코어', '코드명 : 타이거레이크', '터보부스트 : 3.9GHz', '램 : 8GB', '메모리 타입 : DDR4', 'NVIDIA GPU : 지포스 MX450', '그래픽 메모리 : 2GB', '패널 : IPS패널(광시야각)', '베젤 : 슬림베젤', '특징 : 가벼운노트북', '게이밍(게임용)', '미니', '블루투스 : 블루투스5.0', '유선랜 : 유선랜(1Gbps)', '영상출력 : HDMI', '부가기능 : 키보드라이트', '웹캠', '고속충전', '키보드라이트(LED)', 'NVIDIA Optimus 기술', 'SSD : 512GB', 'SSD 인터페이스 : NVMe', '배터리 타입 : 리튬폴리머', '스피커 : 뱅앤올룹슨스피커', '무상AS : 1년', '두께 : 1.79cm']"
LG전자 울트라PC 13UD580-GX50K,"799,410원","['화면크기 : 13인치(32~35cm)', '무게 : 1.3kg', '종류 : 코어i5 7세대', '운영체제 : 미포함(FreeDos)', 'CPU : 코어i5-7200U', '칩셋 제조사 : 인텔', '코어종류 : 듀얼코어', '코드명 : 카비레이크(7세대)', 'CPU속도 : 2.5GHz', '터보부스트 : 3.1GHz', '램 : 8GB', '메모리 타입 : DDR4', '인텔 GPU : GMA HD 620', '그래픽 메모리 : 시스템 메모리 공유', '해상도 : 1920x1080(FHD)', '패널 : IPS패널(광시야각)', '화면비율 : 16대9', '베젤 : 슬림베젤', '특징 : 울트라북', '무선랜 : 무선랜 802.11 ac(Wi-Fi5)', '블루투스 : 지원', '유선랜 : 유선랜', '영상출력 : HDMI', '단자 : USB Type C', 'USB3.0', '부가기능 : 웹캠', 'Reader모드', 'SSD : 256GB', 'SSD 인터페이스 : M.2', 'HDD 용량 : 1TB', 'ODD : 광Drive없음', '저전력 : O', '품목 : 노트북', '두께 : 1.79cm', '조명 : LED백라이트', '부피 : 1281cc', '색상 : 실버', '입력장치 : 독립형키보드']"
레노버 아이디어패드 Gaming 3i 15IMH I5 LEGEND PRO W10,"1,029,000원","['화면크기 : 15인치(37~39cm)', '무게 : 2.2kg', '종류 : 코어i5 10세대', '운영체제 : 윈도우10 홈', 'CPU : 코어i5-10300H', '칩셋 제조사 : 인텔', '코어종류 : 헥사코어', '코드명 : 코멧레이크', 'CPU속도 : 2.5GHz', '터보부스트 : 4.5GHz', '램 : 8GB', '메모리 타입 : DDR4', 'NVIDIA GPU : 지포스 GTX1650 Ti', '그래픽 메모리 : 4GB', '해상도 : 1920x1080(FHD)', '패널 : IPS패널(광시야각)', '화면비율 : 16대9', '특징 : 게이밍(게임용)', 'bit유형 : 64', '패널코팅 : 안티글레어', '무선랜 : 무선랜 802.11 ax(Wi-Fi6)', '블루투스 : 블루투스5.0', '영상출력 : HDMI', '단자 : USB Type C', 'USB3.1', '부가기능 : 키보드라이트', '웹캠', 'SSD : 256GB', 'SSD 인터페이스 : NVMePCIe', '사용시간 : 최대7시간', '무상AS : 1년', '품목 : 노트북', '두께 : 2.49cm']"
ASUS 게이밍 노트북 ROG G512LU-AL043 RAM 8GB추가 Win10 pro,"1,799,000원","['화면크기 : 15인치(37~39cm)', '무게 : 2.4kg', '종류 : 코어i7 10세대', '운영체제 : 윈도우10 프로', 'CPU : 코어i7-10750H', '칩셋 제조사 : 인텔', '코어종류 : 헥사코어', '코드명 : 코멧레이크', 'CPU속도 : 2.6GHz', '터보부스트 : 5.0GHz', '램 : 16GB', '메모리 타입 : DDR4', 'NVIDIA GPU : 지포스 GTX1660 Ti', '인텔 GPU : UHD630', '그래픽 메모리 : 6GB', '해상도 : 1920x1080(FHD)', '패널 : IPS패널(광시야각)', '주사율 : 144Hz', '화면비율 : 16대9', '베젤 : 슬림베젤', '밝기 : 슈퍼브라이트(300nit)', '250nit', '특징 : 게이밍(게임용)', 'bit유형 : 64bit', '패널코팅 : 안티글레어', '무선랜 : 무선랜 802.11 ac(Wi-Fi5)', '블루투스 : 블루투스5.0', '유선랜 : 유선랜(1Gbps)', '영상출력 : HDMI', '단자 : USB Type C', 'USB3.0', 'USB2.0', 'USB3.1', '부가기능 : 키보드라이트', '키보드라이트(RGB)', 'SSD : 512GB', 'SSD 인터페이스 : NVMe', '배터리 타입 : 리튬이온', '배터리용량 : 66Wh', '배터리cell수 : 4cell', '웹카메라 : 전면', '무상AS : 1년', '품목 : 노트북', '두께 : 2.62cm', '색상 : 블랙']"
LG전자 올데이그램 14ZD970-GX50K,"1,367,060원","['화면크기 : 14인치(35~36cm)', '무게 : 0.97kg', '종류 : 코어i5 7세대', '운영체제 : 미포함(FreeDos)', 'CPU : 코어i5-7200U', '칩셋 제조사 : 인텔', '코어종류 : 듀얼코어', '코드명 : 카비레이크(7세대)', 'CPU속도 : 2.5GHz', '터보부스트 : 3.1GHz', '램 : 8GB', '메모리 타입 : DDR4', '인텔 GPU : HD620', '그래픽 메모리 : 시스템 메모리 공유', '해상도 : 1920x1080(FHD)', '패널 : IPS패널(광시야각)', '화면비율 : 16대9', '베젤 : 슬림베젤', '특징 : 울트라북', '가벼운노트북', '학습,사무용', '휴대용', '무선랜 : 무선랜 802.11 ac(Wi-Fi5)', '블루투스 : 지원', '유선랜 : 유선랜있음', '영상출력 : HDMI', '단자 : USB Type C', 'USB3.0', '부가기능 : 키보드라이트', '웹캠', 'Reader모드', 'SSD : 256GB', 'SSD 인터페이스 : M.2', 'ODD : 광Drive없음', '배터리 타입 : 리튬폴리머', '저전력 : O', '사운드 : DTS Headphone X', '품목 : 노트북', '두께 : 1.65cm', '조명 : LED백라이트', '부피 : 1130cc', '색상 : 화이트', '입력장치 : 독립형키보드']"
델 Inspiron 15 5505 플래티넘 실버 노트북 DN5505-WH01KR (라이젠5-4500U 39.6cm WIN10 Home)  윈도우 포함  256GB  8GB,"759,000원",[]
DELL XPS 15 9500 DX95001003KR,"2,799,000원","['무게 : 1.9kg', '종류 : 코어i7 10세대', '운영체제 : 윈도우10 프로', 'CPU : 코어i7-10750H', '코어종류 : 헥사코어', '코드명 : 코멧레이크', 'CPU속도 : 2.6GHz', '터보부스트 : 5.0GHz', '램 : 16GB', '메모리 타입 : DDR4', 'NVIDIA GPU : 지포스 GTX1650 Ti', '인텔 GPU : 인텔HD', '그래픽 메모리 : 4GB', '해상도 : 1920x1200(WUXGA)', '패널 : 광시야각', '화면비율 : 16대10', '밝기 : 슈퍼브라이트(500nit)', '특징 : 게이밍(게임용)', 'bit유형 : 64', '패널코팅 : 안티글레어', '무선랜 : 무선랜 802.11 ax(Wi-Fi6)', '블루투스 : 블루투스5.0', '영상출력 : 썬더볼트3', '단자 : USB Type C', '카드 슬롯 : SD카드', '부가기능 : 키보드라이트', 'SSD : 1TB', '배터리용량 : 86Wh', '배터리cell수 : 6cell', '사용시간 : 최대15시간', '웹카메라 : 전면', '두께 : 1.8cm', '입력장치 : 독립형키보드', '보안기능 : 지문인식']"
LG전자 울트라PC 17U70N-GA76K,"1,799,000원","['화면크기 : 17인치(43~44cm)', '무게 : 1.85kg', '종류 : 코어i7 10세대', '운영체제 : 윈도우10', 'CPU : 코어i7-10510U', '칩셋 제조사 : 인텔', '코어종류 : 쿼드코어', '코드명 : 코멧레이크', 'CPU속도 : 1.8GHz', '터보부스트 : 4.9GHz', '램 : 8GB', '메모리 타입 : DDR4', '인텔 GPU : 인텔UHD', '해상도 : 2560x1600(WQXGA)', '패널 : IPS패널(광시야각)', '화면비율 : 16대10', '무선랜 : 무선랜 802.11 ax(Wi-Fi6)', '블루투스 : 지원', '유선랜 : 유선랜(1Gbps)', '영상출력 : HDMI', '단자 : USB Type C', 'USB2.0', 'USB3.1', '부가기능 : 키보드라이트', 'SSD : 256GB', 'SSD 인터페이스 : NVMe', '배터리 타입 : 리튬이온', '배터리용량 : 72Wh', '웹카메라 : 전면', '품목 : 노트북', '두께 : 1.99cm', '색상 : 블랙', '입력장치 : 숫자키패드']"
LG전자 올뉴그램 15Z980-GA7BK,"1,889,990원","['화면크기 : 15인치(37~39cm)', '무게 : 1.09kg', '종류 : 코어i7 8세대', '운영체제 : 윈도우10 홈', 'CPU : 코어i7-8550U', '칩셋 제조사 : 인텔', '코어종류 : 쿼드코어', '코드명 : 카비레이크-R(8세대)', 'CPU속도 : 1.8GHz', '터보부스트 : 4.0GHz', '램 : 8GB', '메모리 타입 : DDR4', '인텔 GPU : UHD620', '해상도 : 1920x1080(FHD)', '패널 : IPS패널(광시야각)', '화면비율 : 16대9', '특징 : 울트라북', '휴대용', 'bit유형 : 64', '무선랜 : 무선랜 802.11 ac(Wi-Fi5)', '블루투스 : 지원', '영상출력 : HDMI', '단자 : USB Type C', 'USB3.0', '부가기능 : 키보드라이트', 'Reader모드', 'SSD : 512GB', 'ODD : 광Drive없음', '배터리 타입 : 리튬폴리머', '배터리용량 : 72Wh', '저전력 : O', '사운드 : DTS Headphone X', '품목 : 노트북', '두께 : 1.68cm', '조명 : LED백라이트', '부피 : 1371cc', '색상 : 다크실버', '입력장치 : 독립형키보드', '보안기능 : 지문인식']"
레노버 싱크패드 X1 카본 8세대 20U9000JKR WQHD,"2,199,000원","['화면크기 : 14인치(35~36cm)', '무게 : 1.09kg', '종류 : 코어i7 10세대', '운영체제 : 윈도우10 프로', 'CPU : 코어i7-10510U', '칩셋 제조사 : 인텔', '코드명 : 코멧레이크', 'CPU속도 : 1.8GHz', '터보부스트 : 4.9GHz', '램 : 16GB', '메모리 타입 : LPDDR3', '인텔 GPU : 인텔UHD', '그래픽 메모리 : 시스템 메모리 공유', '해상도 : 2560x1440(WQHD)', '화면비율 : 16대9', '화면펼침 : 180˚', '밝기 : 슈퍼브라이트(300nit)', '특징 : 가벼운노트북', 'bit유형 : 64', '패널코팅 : 안티글레어', '무선랜 : 무선랜 802.11 ax(Wi-Fi6)', '블루투스 : 블루투스5.0', '영상출력 : HDMI', '썬더볼트3', '단자 : USB Type C', 'USB3.0', '부가기능 : 키보드라이트', '웹캠', '고속충전', 'SSD : 512GB', 'SSD 인터페이스 : NVMePCIe', '사용시간 : 최대18시간', '무상AS : 3년', '품목 : 노트북', '두께 : 14.9mm', '보안기능 : 지문인식']"
Apple 15 MV932KH/A,"2,790,000원","['화면크기 : 15인치(37~39cm)', '무게 : 1.83kg', '종류 : 코어i9 9세대', '운영체제 : MAC OS', 'CPU : 코어i9-9880H', '칩셋 제조사 : 인텔', '코어종류 : 옥타코어', '코드명 : 커피레이크-R(9세대)', 'CPU속도 : 2.3GHz', '터보부스트 : 4.8GHz', '램 : 16GB', '메모리 타입 : DDR4', 'AMD GPU : 라데온 Pro 560X', '인텔 GPU : UHD630', '그래픽 메모리 : 4GB', '해상도 : 2880x1800(WQXGA)', '패널 : IPS패널(광시야각)', '밝기 : 슈퍼브라이트(500nit)', '특징 : 학습,사무용', '그래픽작업용', '무선랜 : 무선랜 802.11 ac(Wi-Fi5)', '블루투스 : 블루투스5.0', '영상출력 : 썬더볼트3', '썬더볼트3(4개)', '단자 : USB Type C', '부가기능 : 키보드라이트', 'SSD : 512GB', '배터리 타입 : 리튬폴리머', '배터리용량 : 83.6Wh', '품목 : 노트북', '두께 : 1.55cm', '색상 : 실버', '입력장치 : 독립형키보드', '터치bar', '색표현 : 트루톤']"
레노버 V15 IIL 82C5A002KR,"539,000원","['화면크기 : 15인치(37~39cm)', '무게 : 2.1kg', '종류 : 코어i3 10세대', '운영체제 : 윈도우10 홈', 'CPU : 코어i3-1005G1', '칩셋 제조사 : 인텔', '코어종류 : 듀얼코어', '코드명 : 아이스레이크', 'CPU속도 : 1.2GHz', '터보부스트 : 3.4GHz', '램 : 4GB', '메모리 타입 : DDR4', '인텔 GPU : 인텔HD', '그래픽 메모리 : 시스템 메모리 공유', '해상도 : 1920x1080(FHD)', '화면비율 : 16대9', '베젤 : 슬림베젤', '화면펼침 : 180˚', '특징 : 학습,사무용', '패널코팅 : 안티글레어', '무선랜 : 무선랜 802.11 ac(Wi-Fi5)', '블루투스 : 블루투스 4.2', '영상출력 : HDMI', '단자 : USB3.0', 'USB2.0', 'SSD : 128GB', 'SSD 인터페이스 : NVMe', '배터리용량 : 30Wh', '무상AS : 1년', '품목 : 노트북', '두께 : 1.99cm', '입력장치 : 독립형키보드', '숫자키패드']"
삼성전자 오디세이 NT800G5M-X59,"1,581,910원","['화면크기 : 15인치(37~39cm)', '무게 : 2.5kg', '종류 : 코어i5 7세대', '운영체제 : 윈도우10 홈', 'CPU : 코어i5-7300HQ(카비레이크)', '칩셋 제조사 : 인텔', '코어종류 : 쿼드코어', '코드명 : 카비레이크(7세대)', 'CPU속도 : 2.5GHz', '터보부스트 : 3.5GHz', '램 : 8GB', '메모리 타입 : DDR4', 'NVIDIA GPU : 지포스 GTX 1050', '인텔 GPU : GMA HD 630', '그래픽 메모리 : 4GB', '해상도 : 1920x1080(FHD)', '패널 : 광시야각', '화면비율 : 16대9', '특징 : 게이밍(게임용)', '무선랜 : 무선랜 802.11 ac(Wi-Fi5)', '블루투스 : 블루투스 4.1', '유선랜 : 유선랜(1Gbps)', '영상출력 : HDMI', '단자 : USB3.0', 'USB2.0', '부가기능 : 키보드라이트', '웹캠', 'SSD : 256GB', 'HDD 용량 : 1TB', 'ODD : 광Drive없음', '품목 : 노트북', '두께 : 2.8cm', '조명 : LED백라이트', '부피 : 2569cc', '색상 : 블랙', '입력장치 : 숫자키패드']"
LG전자 15U530-KH5DK,"1,272,040원","['화면크기 : 15인치(37~39cm)', '무게 : 1.95kg', '종류 : 코어i5 4세대', '운영체제 : 윈도우8', 'CPU : 코어i5-4200U', '칩셋 제조사 : 인텔', '코어종류 : 듀얼코어', '코드명 : 하스웰(4세대)', 'CPU속도 : 1.6GHz', '터보부스트 : 2.6GHz', '램 : 4GB', '메모리 타입 : DDR3', 'NVIDIA GPU : 지포스 GT 720M', '인텔 GPU : GMA HD 4400', '그래픽 메모리 : 2GB', '해상도 : 1366x768(FWXGA)', '패널 : IPS패널(광시야각)', '화면비율 : 16대9', '베젤 : 슬림베젤', '특징 : 울트라북', '학습,사무용', 'bit유형 : 64', '무선랜 : 무선랜 802.11 ac(Wi-Fi5)', '블루투스 : 블루투스 4.0', '유선랜 : 유선랜(기가비트)', '영상출력 : HDMI', 'D-SUB', 'WiDi(무선연결)', '단자 : USB3.0', '부가기능 : 웹캠', '802.11n', 'NVIDIA Optimus 기술', '국제보증서비스', 'SSD : 128GB', 'SSD 인터페이스 : mSATA', 'ODD : DVD멀티', '배터리 타입 : 리튬폴리머', '저전력 : O', '품목 : 노트북', '두께 : 2.1cm', '조명 : LED백라이트', '부피 : 1889cc', '색상 : 실버', '입력장치 : 독립형키보드', '숫자키패드']"
LG전자 15ND530-PX7SK,"1,339,490원","['화면크기 : 15인치(37~39cm)', '무게 : 2.35kg', '종류 : 코어i7 4세대', '운영체제 : 미포함(FreeDos)', 'CPU : i7-4702MQ', '칩셋 제조사 : 인텔', '코어종류 : 쿼드코어', '코드명 : 하스웰(4세대)', 'CPU속도 : 2.2GHz', '터보부스트 : 3.2GHz', '램 : 4GB', '메모리 타입 : DDR3', 'NVIDIA GPU : 지포스 GT 745M', '인텔 GPU : GMA HD 4600', '그래픽 메모리 : 2GB', '해상도 : 1920x1080(FHD)', '패널 : IPS패널(광시야각)', '화면비율 : 16대9', '무선랜 : 무선랜 802.11 ac(Wi-Fi5)', '블루투스 : 블루투스 4.0', '유선랜 : 유선랜(기가비트)', '영상출력 : HDMI', 'D-SUB', 'WiDi(무선연결)', '단자 : USB3.0', 'USB2.0', '부가기능 : 웹캠', '802.11n', 'NVIDIA Optimus 기술', 'HDD 용량 : 1TB', 'ODD : DVD멀티', '배터리cell수 : 4cell', '품목 : 노트북', '두께 : 2.6cm', '조명 : LED백라이트', '부피 : 2006cc', '색상 : 다크실버', '입력장치 : 독립형키보드', '숫자키패드']"
RAZER BLADE 15 Advanced 9GEN R70 512,"2,690,000원","['화면크기 : 15인치(37~39cm)', '무게 : 2.1kg', '종류 : 코어i7 9세대', '운영체제 : 윈도우10 홈', 'CPU : 코어i7-9750H', '칩셋 제조사 : 인텔', '코어종류 : 헥사코어', '코드명 : 커피레이크-R(9세대)', 'CPU속도 : 2.6GHz', '터보부스트 : 4.5GHz', '램 : 16GB', '메모리 타입 : DDR4', 'NVIDIA GPU : 지포스 RTX2070 Max-Q', '인텔 GPU : UHD630', '그래픽 메모리 : 8GB', '해상도 : 1920x1080(FHD)', '주사율 : 240Hz', '화면비율 : 16대9', '베젤 : 슬림베젤', '특징 : 게이밍(게임용)', 'bit유형 : 64', '무선랜 : 무선랜 802.11 ax(Wi-Fi6)', '블루투스 : 블루투스5.0', '영상출력 : HDMI', 'miniDisplayPort', '썬더볼트', '단자 : USB Type C', '부가기능 : 키보드라이트(RGB)', 'SSD : 512GB', 'SSD 인터페이스 : NVMe', '배터리용량 : 80Wh', '품목 : 노트북', '두께 : 1.78cm']"
아이뮤즈 스톰북5 (윈도우10/SSD추가) 기본형 직장인/대학생/홈 가성비 노트북,"359,000원","['화면크기 : 15인치(37~39cm)', '무게 : 1.8kg', '종류 : 셀러론', '운영체제 : 미포함(FreeDos)', 'CPU : 셀러론-N4000', '칩셋 제조사 : 인텔', '코어종류 : 듀얼코어', '코드명 : 제미니레이크', 'CPU속도 : 1.2GHz', '터보부스트 : 2.6GHz', '램 : 4GB', '메모리 타입 : LPDDR4', '인텔 GPU : UHD600', '그래픽 메모리 : 시스템 메모리 공유', '해상도 : 1920x1080(FHD)', '패널 : IPS패널(광시야각)', '디스플레이 종류 : LCD', '블루투스 : 블루투스 4.2', '영상출력 : HDMI', '단자 : USB Type C', 'USB3.0', 'USB2.0', '카드 슬롯 : MicroSD카드', '부가기능 : 웹캠', 'SSD : 64GB', 'SSD 인터페이스 : eMMC', '배터리용량 : 38Wh', '충전단자 : DC', '사용시간 : 최대8시간', '웹카메라 : 전면', '품목 : 노트북', '두께 : 1.98cm', '입력장치 : 숫자키패드']"
LG전자 울트라PC 15UD470-KX55K,"1,058,000원","['화면크기 : 15인치(37~39cm)', '무게 : 1.99kg', '종류 : 코어i5 7세대', '운영체제 : 미포함(FreeDos)', 'CPU : 코어i5-7200U', '칩셋 제조사 : 인텔', '코어종류 : 듀얼코어', '코드명 : 카비레이크(7세대)', 'CPU속도 : 2.5GHz', '터보부스트 : 3.1GHz', '램 : 8GB', '메모리 타입 : DDR4', 'NVIDIA GPU : 지포스 940MX', '인텔 GPU : GMA HD 620', '그래픽 메모리 : 2GB', '해상도 : 1920x1080(FHD)', '패널 : IPS패널(광시야각)', '화면비율 : 16대9', '특징 : 울트라북', '무선랜 : 무선랜 802.11 ac(Wi-Fi5)', '블루투스 : 지원', '유선랜 : 유선랜(1Gbps)', '영상출력 : HDMI', '단자 : USB3.0', 'USB2.0', '부가기능 : 웹캠', 'Reader모드', 'NVIDIA Optimus 기술', 'SSD : 512GB', 'SSD 인터페이스 : M.2', 'HDD 용량 : 1TB', 'ODD : 광Drive없음', '저전력 : O', '사운드 : DTS Headphone X', '품목 : 노트북', '두께 : 2.09cm', '조명 : LED백라이트', '부피 : 2044cc', '색상 : 화이트', '입력장치 : 숫자키패드']"
Apple 맥북 에어 2020년형 CTO 1.2GHz 4코어 i7/16GB/512GB (CPU 및 RAM 업그레이드),"1,595,050원","['화면크기 : 13인치(32~35cm)', '무게 : 1.29kg', '운영체제 : MAC OS', '칩셋 제조사 : 인텔', '코어종류 : 쿼드코어', 'CPU속도 : 1.1GHz', '램 : 16GB', '메모리 타입 : LPDDR4x', '인텔 GPU : Iris Plus Graphics', '해상도 : 2560x1600(WQXGA)', '패널 : IPS패널(광시야각)', '화면비율 : 16대10', '특징 : 가벼운노트북', '무선랜 : 무선랜 802.11 ac(Wi-Fi5)', '블루투스 : 블루투스5.0', '영상출력 : 썬더볼트3(2개)', '단자 : USB Type C', '부가기능 : 키보드라이트', '키보드라이트(자동밝기조절)', '페이스타임', '아이메시지', '애플앱스토어', '에어드롭', 'iCloud', 'SSD : 256GB', '배터리 타입 : 리튬폴리머', '품목 : 노트북', '두께 : 1.61cm']"
삼성전자 노트북9 ALWAYS NT900X3V-A58A,"1,405,990원","['화면크기 : 13인치(32~35cm)', '무게 : 0.99kg', '종류 : 코어i5 8세대', '운영체제 : 리눅스', 'CPU : 코어i5-8250U', '칩셋 제조사 : 인텔', '코어종류 : 쿼드코어', '코드명 : 카비레이크-R(8세대)', 'CPU속도 : 1.6GHz', '터보부스트 : 3.4GHz', '램 : 8GB', '메모리 타입 : DDR4', '인텔 GPU : UHD620', '해상도 : 1920x1080(FHD)', '패널 : 광시야각', '화면비율 : 16대9', '화면펼침 : 180˚', '밝기 : 슈퍼브라이트(500nit)', '특징 : 울트라북', '가벼운노트북', '무선랜 : 무선랜 802.11 ac(Wi-Fi5)', '블루투스 : 블루투스 4.1', '영상출력 : HDMI', '단자 : USB Type C', 'USB3.0', '부가기능 : 키보드라이트', '웹캠', '보이스노트', '이지충전', '180˚화면펼침', '키보드라이트(자동밝기조절)', '퀵충전', 'SSD : 256GB', 'SSD 인터페이스 : PCle', 'ODD : 광Drive없음', '배터리용량 : 75Wh', '저전력 : O', '품목 : 노트북', '두께 : 1.49cm', '조명 : LED백라이트', '부피 : 958cc', '색상 : 실버', '입력장치 : 독립형키보드', '보안기능 : 지문인식']"
삼성전자 노트북3 NT300E5Q-KD1S,"477,480원","['화면크기 : 15인치(37~39cm)', '무게 : 1.98kg', '종류 : 셀러론', '운영체제 : 미포함(FreeDos)', 'CPU : 3215U', '칩셋 제조사 : 인텔', '코어종류 : 듀얼코어', 'CPU속도 : 1.7GHz', '램 : 4GB', '메모리 타입 : DDR3L', '인텔 GPU : GMA HD 5500', '그래픽 메모리 : 시스템 메모리 공유', '해상도 : 1366x768(FWXGA)', '화면비율 : 16대9', '무선랜 : 무선랜 802.11 n', '블루투스 : 블루투스 4.0', '유선랜 : 유선랜(100Mbps)', '영상출력 : HDMI', '단자 : USB3.0', 'USB2.0', '부가기능 : 웹캠', '802.11n', 'SSD : 250GB', 'HDD 용량 : 500GB', 'ODD : 광Drive없음', '저전력 : O', '품목 : 노트북', '두께 : 2.48cm', '조명 : LED백라이트', '부피 : 2306cc', '색상 : 블랙', '입력장치 : 숫자키패드']"
MSI GL63 9SE,"1,779,990원","['화면크기 : 15인치(37~39cm)', '무게 : 2.3kg', '종류 : 코어i7 9세대', '운영체제 : 미포함(FreeDos)', 'CPU : 코어i7-9750H', '칩셋 제조사 : 인텔', '코어종류 : 헥사코어', '코드명 : 커피레이크-R(9세대)', 'CPU속도 : 2.6GHz', '터보부스트 : 4.5GHz', '램 : 8GB', '메모리 타입 : DDR4', 'NVIDIA GPU : 지포스 RTX2060', '인텔 GPU : UHD630', '그래픽 메모리 : 6GB', '해상도 : 1920x1080(FHD)', '패널 : IPS패널(광시야각)', '주사율 : 144Hz', '화면비율 : 16대9', '특징 : 게이밍(게임용)', '무선랜 : 무선랜 802.11 ac(Wi-Fi5)', '블루투스 : 블루투스5.0', '유선랜 : 유선랜(1Gbps)', '영상출력 : HDMI', 'miniDisplayPort', '단자 : USB Type C', 'USB3.1', '부가기능 : 키보드라이트', '웹캠', '키보드라이트(컬러LED)', 'SSD : 128GB', 'SSD 인터페이스 : NVMe', '배터리용량 : 51Wh', '배터리cell수 : 6cell', '스피커 : 자이언트스피커', '사운드 : Nahimic오디오', '품목 : 노트북', '두께 : 2.95cm', '조명 : LED백라이트', '색상 : 블랙']"
삼성전자 노트북 PEN S NT950SBE-X58A,"1,799,460원",[]
Apple 맥북프로 15형 레티나 (ME293KH/A),"2,748,860원","['화면크기 : 15인치(37~39cm)', '무게 : 2.0kg', '종류 : 코어i7 4세대', '운영체제 : MAC OS', 'CPU : i7-4750HQ', '칩셋 제조사 : 인텔', '코어종류 : 쿼드코어', '코드명 : 하스웰(4세대)', 'CPU속도 : 2.0GHz', '터보부스트 : 3.2GHz', '램 : 8GB', '메모리 타입 : DDR3', '인텔 GPU : Iris Pro 5200', '그래픽 메모리 : 시스템 메모리 공유', '해상도 : 2880x1800(WQXGA)', '패널 : IPS패널(광시야각)', '화면비율 : 16대10', '무선랜 : 무선랜 802.11 ac(Wi-Fi5)', '블루투스 : 블루투스 4.0', '유선랜 : 유선랜없음', '영상출력 : HDMI', '썬더볼트(2개)', '썬더볼트', '단자 : USB3.0', '부가기능 : 키보드라이트', '웹캠', '키보드라이트(LED)', '802.11n', '페이스타임', 'iCloud', 'SSD : 256GB', 'SSD 인터페이스 : PCle', 'ODD : 광Drive없음', '배터리 타입 : 리튬폴리머', '커넥터 : 자석식전원커넥터(MagSafe2)', '품목 : 노트북', '두께 : 1.8cm', '조명 : LED백라이트', '부피 : 1569cc', '입력장치 : 독립형키보드', '멀티트랙패드']"
삼성전자 노트북5 NT500R5P-YD5S,"889,010원","['화면크기 : 15인치(37~39cm)', '무게 : 1.8kg', '종류 : 코어i5 6세대', '운영체제 : 미포함(FreeDos)', 'CPU : 코어i5-6200U', '칩셋 제조사 : 인텔', '코어종류 : 듀얼코어', '코드명 : 스카이레이크(6세대)', 'CPU속도 : 2.3GHz', '터보부스트 : 2.8GHz', '램 : 8GB', '메모리 타입 : LPDDR3', 'NVIDIA GPU : 지포스 940M', '그래픽 메모리 : 2GB', '해상도 : 1920x1080(FHD)', '화면비율 : 16대9', '특징 : 울트라북', '무선랜 : 무선랜 802.11 ac(Wi-Fi5)', '블루투스 : 블루투스 4.0', '유선랜 : 유선랜(1Gbps)', '영상출력 : HDMI', 'D-SUB', '단자 : USB3.0', 'USB2.0', '부가기능 : 웹캠', '802.11n', 'NVIDIA Optimus 기술', '멀티 카드 리더기', '사이드싱크', 'SSD : 128GB', 'HDD 용량 : 1TB', 'ODD : 광Drive없음', '사용시간 : 최대10시간', '저전력 : O', '품목 : 노트북', '두께 : 2.08cm', '조명 : LED백라이트', '부피 : 1934cc', '색상 : 블랙', '입력장치 : 숫자키패드']"
MSI GE75 RAIDER 10SFS GTX2070 SUPER,"1,999,000원","['화면크기 : 17인치(43~44cm)', '무게 : 2.64kg', '종류 : 코어i7 10세대', '운영체제 : 미포함(FreeDos)', 'CPU : 코어i7-10875H', '칩셋 제조사 : 인텔', '코어종류 : 옥타코어', 'CPU속도 : 2.3GHz', '터보부스트 : 5.1GHz', '램 : 16GB', '메모리 타입 : DDR4', 'NVIDIA GPU : 지포스 RTX2070 SUPER', '그래픽 메모리 : 8GB', '해상도 : 1920x1080(FHD)', '패널 : IPS패널(광시야각)', '주사율 : 240Hz', '베젤 : 슬림베젤', '밝기 : 슈퍼브라이트(300nit)', '무선랜 : 무선랜 802.11 ax(Wi-Fi6)', '블루투스 : 블루투스5.1', '영상출력 : HDMI', '단자 : USB Type C', 'USB3.0', 'USB3.1', '카드 슬롯 : SD카드', '부가기능 : 웹캠', '키보드라이트(RGB)', 'SSD : 512GB', 'SSD 인터페이스 : NVMe', '배터리용량 : 51Wh', '배터리cell수 : 6cell', '웹카메라 : 전면', '품목 : 노트북', '두께 : 2.75cm']"
LG전자 울트라PC그램 15ZD960-GX56K,"1,489,480원","['화면크기 : 15인치(37~39cm)', '무게 : 0.98kg', '종류 : 코어i5 6세대', '운영체제 : 미포함(FreeDos)', 'CPU : 코어i5-6200U', '칩셋 제조사 : 인텔', '코어종류 : 듀얼코어', '코드명 : 스카이레이크(6세대)', 'CPU속도 : 2.3GHz', '터보부스트 : 2.8GHz', '램 : 8GB', '메모리 타입 : DDR3L', '인텔 GPU : HD520', '그래픽 메모리 : 시스템 메모리 공유', '해상도 : 1920x1080(FHD)', '패널 : IPS패널(광시야각)', '화면비율 : 16대9', '베젤 : 슬림베젤', '특징 : 울트라북', '가벼운노트북', '학습,사무용', '휴대용', '무선랜 : 무선랜 802.11 ac(Wi-Fi5)', '블루투스 : 지원', '유선랜 : 유선랜(100Mbps)', '영상출력 : HDMI', '단자 : USB Type C', 'USB3.0', 'USB2.0', '부가기능 : 웹캠', 'Reader모드', 'SSD : 512GB', 'SSD 인터페이스 : M.2', 'ODD : 광Drive없음', '배터리 타입 : 리튬폴리머', '저전력 : O', '사운드 : Wolfson(무손실음원)', '품목 : 노트북', '두께 : 1.68cm', '조명 : LED백라이트', '부피 : 1371cc', '색상 : 화이트', '입력장치 : 독립형키보드', '숫자키패드']"
DELL PRECISION M3541-91G51W,"2,599,000원","['화면크기 : 15인치(37~39cm)', '무게 : 1.97kg', '종류 : 코어i9 9세대', '운영체제 : 윈도우10 프로', 'CPU : 코어i9-9880H', '칩셋 제조사 : 인텔', '코어종류 : 옥타코어', '코드명 : 커피레이크-R(9세대)', 'CPU속도 : 2.3GHz', '터보부스트 : 4.8GHz', '램 : 16GB', '메모리 타입 : DDR4', 'NVIDIA GPU : 쿼드로 P620', '인텔 GPU : UHD630', '그래픽 메모리 : 4GB', '해상도 : 1920x1080(FHD)', '패널 : VA패널(광시야각)', '화면비율 : 16대9', '특징 : 그래픽작업용', 'bit유형 : 64', '무선랜 : 무선랜 802.11 ac(Wi-Fi5)', '블루투스 : 블루투스5.0', '영상출력 : HDMI', '단자 : USB Type C', 'USB3.1', '부가기능 : 키보드라이트', 'SSD : 512GB', 'SSD 인터페이스 : NVMe', 'HDD 용량 : 1TB', '배터리용량 : 68Wh', '배터리cell수 : 4cell', '품목 : 노트북', '두께 : 2.19cm']"
삼성전자 갤럭시북 플렉스 알파 NT730QCJ-KF58,"1,382,192원","['운영체제 : 윈도우10', '패널 : 광시야각', '밝기 : 자동밝기조절', '특징 : 학습,사무용', '휴대용', '무선랜 : 무선랜 802.11 ax(Wi-Fi6)', '영상출력 : HDMI', '카드 슬롯 : UFS', 'MicroSD카드', '방향키 : ㅗ형', '부가기능 : 키보드라이트', 'S펜', '배터리용량 : 54Wh', '충전단자 : DC', '웹카메라 : 전면', '입력장치 : 독립형키보드']"
DELL M17 R4 B005KR,"4,369,000원","['화면크기 : 17인치(43~44cm)', '무게 : 2.97kg', '종류 : 코어i9 10세대', '운영체제 : 윈도우10 프로', 'CPU : 코어i9-10980HK', '칩셋 제조사 : 인텔', '코어종류 : 옥타코어', '코드명 : 코멧레이크', '터보부스트 : 5.3GHz', '램 : 32GB', '메모리 타입 : DDR4', 'NVIDIA GPU : RTX3080', '그래픽 메모리 : 16GB', '해상도 : 1920x1080(FHD)', '주사율 : 144Hz', 'NTSC : 72%', '밝기 : 슈퍼브라이트(300nit)', '특징 : 게이밍(게임용)', 'bit유형 : 64', '무선랜 : 무선랜 802.11 ax(Wi-Fi6)', '블루투스 : 블루투스5.1', '영상출력 : 썬더볼트3', 'miniDisplayPort', 'HDMI 2.1', '단자 : USB Type C', 'USB3.0', 'USB3.1', '카드 슬롯 : MicroSD카드', '부가기능 : 웹캠', '키보드라이트(RGB)', 'SSD : 1TB', 'SSD 인터페이스 : PCle', '배터리 타입 : 리튬이온', '배터리용량 : 86Wh', '배터리cell수 : 6cell', '웹카메라 : 전면', '무상AS : 1년', '품목 : 노트북', '두께 : 2.2cm']"
삼성전자 노트북3 NT300E5Q-YJD,"919,080원","['화면크기 : 15인치(37~39cm)', '무게 : 1.98kg', '종류 : 코어i5 5세대', '운영체제 : 미포함(FreeDos)', 'CPU : 코어i5-5200U', '칩셋 제조사 : 인텔', '코어종류 : 듀얼코어', '코드명 : 브로드웰(5세대)', 'CPU속도 : 2.2GHz', '터보부스트 : 2.7GHz', '램 : 4GB', '메모리 타입 : DDR3L', 'NVIDIA GPU : 지포스 910M', '그래픽 메모리 : 2GB', '해상도 : 1920x1080(FHD)', '화면비율 : 16대9', '무선랜 : 무선랜 802.11 n', '블루투스 : 블루투스 4.0', '유선랜 : 유선랜(100Mbps)', '영상출력 : HDMI', '단자 : USB3.0', 'USB2.0', '부가기능 : 웹캠', '802.11n', 'SSD : 128GB', 'HDD 용량 : 2TB', 'ODD : 광Drive없음', '저전력 : O', '품목 : 노트북', '두께 : 2.48cm', '조명 : LED백라이트', '부피 : 2306cc', '색상 : 블랙', '입력장치 : 숫자키패드']"
삼성노트북플러스 인텔 10세대 i7 16G SSD256 NVMe 15인치 3종기프트,"979,000원","['화면크기 : 15인치(37~39cm)', '무게 : 1.81kg', '종류 : 코어i7 10세대', '운영체제 : 미포함(FreeDos)', 'CPU : 코어i7-10510U', '칩셋 제조사 : 인텔', '코어종류 : 쿼드코어', '코드명 : 코멧레이크', 'CPU속도 : 1.6GHz', '터보부스트 : 4.2GHz', '램 : 8GB', '메모리 타입 : DDR4', '인텔 GPU : 인텔UHD', '그래픽 메모리 : 시스템 메모리 공유', '해상도 : 1920x1080(FHD)', '특징 : 학습,사무용', '패널코팅 : 안티글레어', '무선랜 : 무선랜 802.11 ac(Wi-Fi5)', '블루투스 : 블루투스5.0', '영상출력 : HDMI', '단자 : USB Type C', 'USB3.0', 'USB2.0', '카드 슬롯 : MicroSD카드', '방향키 : ㅗ형', '부가기능 : 웹캠', 'SSD : 256GB', 'SSD 인터페이스 : NVMe', '배터리용량 : 43Wh', '충전단자 : DC', '웹카메라 : 전면', '품목 : 노트북', '두께 : 1.89cm', '입력장치 : 독립형키보드', '숫자키패드', '보안기능 : TPM']"
레노버 YOGA Slim7 Carbon13ITL5 82EV0032KR,"1,499,000원","['화면크기 : 13인치(32~35cm)', '무게 : 0.97kg', '종류 : 코어i7 11세대', '운영체제 : 미포함(FreeDos)', 'CPU : 코어i7-1165G7', '칩셋 제조사 : 인텔', '코어종류 : 쿼드코어', '터보부스트 : 4.7GHz', '램 : 16GB', '메모리 타입 : DDR4', '인텔 GPU : Iris Xe Graphics', '그래픽 메모리 : 시스템 메모리 공유', '해상도 : 2560x1600(WQXGA)', '화면비율 : 16대10', '밝기 : 슈퍼브라이트(300nit)', '특징 : 가벼운노트북', '무선랜 : 무선랜 802.11 ax(Wi-Fi6)', '블루투스 : 블루투스5.1', '영상출력 : DisplayPort', '단자 : USB Type C', 'USB3.1', '부가기능 : 키보드라이트', '웹캠', '고속충전', 'MIL-STD', 'SSD : 1TB', 'SSD 인터페이스 : NVMe', '배터리 타입 : 리튬폴리머', '배터리용량 : 50Wh', '사용시간 : 최대15시간', '웹카메라 : 전면', '품목 : 노트북', '두께 : 1.5cm']"
삼성 삼성노트북 NT351U2B I3 4G SSD128 WIN10,"187,060원",[]
LG전자 울트라PC그램 14Z950-GT70K,"1,698,490원","['화면크기 : 14인치(35~36cm)', '무게 : 0.98kg', '종류 : 코어i7 5세대', '운영체제 : 윈도우8.1', 'CPU : i7-5500U', '칩셋 제조사 : 인텔', '코어종류 : 듀얼코어', '코드명 : 브로드웰(5세대)', 'CPU속도 : 2.4GHz', '터보부스트 : 3.0GHz', '램 : 8GB', '메모리 타입 : DDR3L', '인텔 GPU : GMA HD 5500', '그래픽 메모리 : 시스템 메모리 공유', '해상도 : 1920x1080(FHD)', '패널 : IPS패널(광시야각)', '화면비율 : 16대9', '베젤 : 슬림베젤', '특징 : 울트라북', '가벼운노트북', '휴대용', 'bit유형 : 64', '무선랜 : 무선랜 802.11 ac(Wi-Fi5)', '블루투스 : 블루투스 4.0', '유선랜 : 유선랜(100Mbps)', '영상출력 : HDMI', 'WiDi(무선연결)', '단자 : USB3.0', 'microUSB', '부가기능 : 웹캠', 'Reader모드', '안면인식', '802.11n', '국제보증서비스', 'SSD : 256GB', 'SSD 인터페이스 : M.2', 'ODD : 광Drive없음', '배터리 타입 : 리튬폴리머', '저전력 : O', '사운드 : Wolfson(무손실음원)', '품목 : 노트북', '두께 : 1.34cm', '조명 : LED백라이트', '부피 : 977cc', '색상 : 화이트', '입력장치 : 독립형키보드', '보안기능 : 얼굴인식']"
삼성전자 노트북5 NT550EBV-AD5A,"778,990원",[]
엠피지오 ZEUS14,"359,000원","['화면크기 : 14인치(35~36cm)', '무게 : 1.42kg', '종류 : 셀러론', '운영체제 : 윈도우10 홈', 'CPU : 셀러론-N3450', '칩셋 제조사 : 인텔', '코어종류 : 쿼드코어', '코드명 : 아폴로레이크', 'CPU속도 : 1.1GHz', '버스트 : 2.2GHz', '램 : 4GB', '메모리 타입 : DDR3L', '인텔 GPU : 인텔HD', '해상도 : 1920x1080(FHD)', '패널 : IPS패널(광시야각)', '화면비율 : 16대9', '특징 : 학습,사무용', '휴대용', '무선랜 : 무선랜 802.11 ac(Wi-Fi5)', '블루투스 : 블루투스 4.0', '단자 : USB3.0', 'SSD : 32GB', 'SSD 인터페이스 : eMMC', 'ODD : 광Drive없음', '저전력 : O', '품목 : 노트북', '두께 : 1.37cm', '조명 : LED백라이트', '부피 : 1010cc', '색상 : 그레이', '입력장치 : 독립형키보드']"
삼성전자 NT550XDZ-AD1AW 인텔 셀러론 8GB 256GB 화이트 - SM,"579,000원","['화면크기 : 15인치(37~39cm)', '무게 : 1.81kg', '종류 : 셀러론', '운영체제 : 미포함(FreeDos)', 'CPU : 셀러론-6305', '칩셋 제조사 : 인텔', '코어종류 : 듀얼코어', '코드명 : 타이거레이크', 'CPU속도 : 1.8GHz', '램 : 8GB', '메모리 타입 : DDR4', '인텔 GPU : 인텔UHD', '그래픽 메모리 : 시스템 메모리 공유', '해상도 : 1920x1080(FHD)', '패널 : 광시야각', '화면비율 : 16대9', '베젤 : 슬림베젤', '패널코팅 : 안티글레어', '무선랜 : 무선랜 802.11 ax(Wi-Fi6)', '블루투스 : 블루투스5.0', '유선랜 : 유선랜(1Gbps)', '영상출력 : HDMI', '단자 : USB Type C', 'USB3.0', 'USB2.0', '카드 슬롯 : MicroSD카드', '방향키 : ㅗ형', '부가기능 : 웹캠', '멀티 카드 리더기', 'SSD : 256GB', 'SSD 인터페이스 : NVMe', '배터리용량 : 43Wh', '충전단자 : DC', '웹카메라 : 전면', '품목 : 노트북', '두께 : 1.88cm', '조명 : LED백라이트', '색상 : 화이트', '입력장치 : 숫자키패드']"
LG전자 15G870-XA50K,"1,711,200원","['화면크기 : 15인치(37~39cm)', '무게 : 2.5kg', '종류 : 코어i5 7세대', '운영체제 : 윈도우10 홈', 'CPU : 코어i5-7300HQ(카비레이크)', '칩셋 제조사 : 인텔', '코어종류 : 쿼드코어', '코드명 : 카비레이크(7세대)', 'CPU속도 : 2.5GHz', '터보부스트 : 3.5GHz', '램 : 8GB', '메모리 타입 : DDR4', 'NVIDIA GPU : 지포스 GTX 1060', '그래픽 메모리 : 6GB', '해상도 : 1920x1080(FHD)', '패널 : IPS패널(광시야각)', '화면비율 : 16대9', '특징 : 게이밍(게임용)', 'bit유형 : 64', '무선랜 : 무선랜 802.11 ac(Wi-Fi5)', '블루투스 : 지원', '유선랜 : 유선랜(1Gbps)', '영상출력 : HDMI', 'miniDisplayPort', '단자 : USB Type C', 'USB3.1', '부가기능 : 키보드라이트', '웹캠', 'SSD : 256GB', 'SSD 인터페이스 : NVMePCIe', 'HDD 용량 : 1TB', 'ODD : 광Drive없음', '품목 : 노트북', '조명 : LED백라이트', '색상 : 블랙', '입력장치 : 숫자키패드']"
LG전자 그램15 15Z990-GR3SK,"1,425,000원","['화면크기 : 15인치(37~39cm)', '무게 : 1.09kg', '종류 : 코어i3 8세대', '운영체제 : 윈도우10 홈', 'CPU : 코어i3-8145U', '칩셋 제조사 : 인텔', '코어종류 : 듀얼코어', '코드명 : 위스키레이크(8세대)', 'CPU속도 : 2.1GHz', '터보부스트 : 3.9GHz', '램 : 8GB', '메모리 타입 : DDR4', '인텔 GPU : UHD620', '그래픽 메모리 : 시스템 메모리 공유', '해상도 : 1920x1080(FHD)', '패널 : IPS패널(광시야각)', '화면비율 : 16대9', '특징 : 가벼운노트북', 'bit유형 : 64', '무선랜 : 무선랜 802.11 ac(Wi-Fi5)', '블루투스 : 지원', '유선랜 : 유선랜(1Gbps)', '영상출력 : HDMI', '단자 : USB Type C', 'USB3.1', '부가기능 : 키보드라이트', '웹캠', '고속충전', 'MIL-STD', '퀵충전', 'SSD : 256GB', 'SSD 인터페이스 : M.2', 'ODD : 광Drive없음', '배터리 타입 : 리튬이온', '배터리용량 : 72Wh', '사운드 : DTS Headphone X', '품목 : 노트북', '두께 : 1.68cm', '색상 : 그레이', '입력장치 : 숫자키패드', '보안기능 : 지문인식']"
삼성 플러스2 NT550XDA-KC33W 11세대 i3 인강용 대학생 사무용 노트북,"799,000원","['화면크기 : 15인치(37~39cm)', '무게 : 1.81kg', '종류 : 코어i3 11세대', 'CPU : 코어i3-1115G4', '칩셋 제조사 : 인텔', '코어종류 : 듀얼코어', '코드명 : 타이거레이크', 'CPU속도 : 3.0GHz', '터보부스트 : 4.1GHz', '램 : 4GB', '메모리 타입 : DDR4', '인텔 GPU : 인텔UHD', '해상도 : 1920x1080(FHD)', '화면비율 : 16대9', '영상출력 : HDMI', '단자 : USB Type C', 'USB3.0', 'USB2.0', '카드 슬롯 : MicroSD카드', 'SSD : 256GB', '품목 : 노트북', '두께 : 18.8mm']"
삼성전자 갤럭시북 이온 NT950XCJ-X58D,"1,947,500원","['화면크기 : 15인치(37~39cm)', '무게 : 1.26kgkg', '종류 : 코어i5 10세대', '운영체제 : 윈도우10 홈', 'CPU : 코어i5-10210U', '칩셋 제조사 : 인텔', '코어종류 : 쿼드코어', '코드명 : 코멧레이크', 'CPU속도 : 1.6GHz', '터보부스트 : 4.2GHz', '램 : 8GB', '메모리 타입 : DDR4', 'NVIDIA GPU : 지포스MX250', '인텔 GPU : 인텔UHD', '그래픽 메모리 : 2GB', '해상도 : 1920x1080(FHD)', '패널 : 광시야각', '화면비율 : 16대9', '베젤 : 슬림베젤', '무선랜 : 무선랜 802.11 ax(Wi-Fi6)', '블루투스 : 블루투스5.0', '영상출력 : HDMI', '썬더볼트3', '단자 : USB Type C', 'USB3.0', '부가기능 : 키보드라이트', '무선 배터리 공유', 'SSD : 512GB', 'SSD 인터페이스 : NVMe', '배터리용량 : 69Wh', '웹카메라 : 전면', '품목 : 노트북', '두께 : 1.49cmcm', '색상 : 실버', '입력장치 : 독립형키보드', '보안기능 : 지문인식']"
LG전자 그램16 16ZD90P-GX50K 정품 재고보유,"1,699,000원","['화면크기 : 16인치(40~42cm)', '무게 : 1.19kg', '종류 : 코어i5 11세대', '운영체제 : 미포함(FreeDos)', 'CPU : 코어i5-1135G7', '칩셋 제조사 : 인텔', '코어종류 : 쿼드코어', '코드명 : 타이거레이크', 'CPU속도 : 2.4GHz', '터보부스트 : 4.2GHz', '램 : 8GB', '메모리 타입 : LPDDR4x', '인텔 GPU : Iris Xe Graphics', '그래픽 메모리 : 시스템 메모리 공유', '해상도 : 2560x1600(WQXGA)', '패널 : IPS패널(광시야각)', '화면비율 : 16대10', '베젤 : 슬림베젤', '무선랜 : 무선랜 802.11 ax(Wi-Fi6)', '블루투스 : 지원', '유선랜 : 유선랜', '영상출력 : HDMI', '썬더볼트4', '단자 : USB Type C', 'USB3.1', '카드 슬롯 : UFS', '부가기능 : 키보드라이트', '웹캠', 'USB-PD', 'SSD : 256GB', 'SSD 인터페이스 : M.2', 'HDD 용량 : 미포함', 'ODD : 광Drive없음', '배터리 타입 : 리튬이온', '배터리용량 : 80Wh', '충전단자 : Type C', '웹카메라 : 전면', '사운드 : DTS: X Ultra', '품목 : 노트북', '두께 : 1.68cm', '조명 : LED백라이트', '색상 : 스노우화이트', 'DCI-P3 : 99%', '보안기능 : 지문인식']"
2020년형 15인치 15UD50N-LX20K(+win10pro) 펜티엄6405U 신모델 인강용 업무용 공부용 학생용,"990,000원","['화면크기 : 15인치(37~39cm)', '무게 : 1.75kg', '종류 : 펜티엄', '운영체제 : 윈도우10 프로', 'CPU : 펜티엄-G6405U', '칩셋 제조사 : 인텔', '코어종류 : 듀얼코어', '코드명 : 코멧레이크', 'CPU속도 : 2.4GHz', '터보부스트 : 4.2GHz', '램 : 4GB', '메모리 타입 : DDR4', 'NVIDIA GPU : 지포스GTX1650', '인텔 GPU : 인텔UHD', '그래픽 메모리 : 시스템 메모리 공유', '해상도 : 1920x1080(FHD)', '패널 : IPS패널(광시야각)', '주사율 : 144Hz', '화면비율 : 16대10', '베젤 : 슬림베젤', '특징 : 울트라북', '가벼운노트북', '게이밍(게임용)', 'bit유형 : 64bit', '무선랜 : 무선랜 802.11 ax(Wi-Fi6)', '블루투스 : 지원', '유선랜 : 유선랜', '영상출력 : HDMI', '썬더볼트3', 'miniDisplayPort', 'WiDi(무선연결)', 'G-Sync', '단자 : USB Type C', 'USB3.0', 'USB2.0', 'USB3.1', '부가기능 : 키보드라이트', '웹캠', '고속충전', 'Reader모드', '키보드라이트(LED)', '802.11n', 'NVIDIA Optimus 기술', '키보드라이트(RGB)', '멀티 카드 리더기', '제어센터', 'MIL-STD', '국제보증서비스', 'USB-PD', 'SSD : 256GB', 'SSD 인터페이스 : M.2', 'HDD 용량 : 미포함', 'ODD : 광Drive없음', 'Optane : 16GB', '배터리 타입 : 리튬이온', '배터리용량 : 36Wh', '배터리cell수 : 4cell', '저전력 : O', '웹카메라 : 전면', '사운드 : DTS Headphone X', '무상AS : 1년', '품목 : 노트북', '두께 : 19.9mm', '조명 : LED백라이트', '디자인 : Single-Shell Body', '색상 : 화이트']"
LG전자 올뉴그램 14Z980-MA36K,"1,275,000원","['화면크기 : 14인치(35~36cm)', '무게 : 0.99kg', '종류 : 코어i3 7세대', '운영체제 : 윈도우10 홈', 'CPU : 코어i3-7100U', '칩셋 제조사 : 인텔', '코어종류 : 듀얼코어', '코드명 : 카비레이크(7세대)', 'CPU속도 : 2.4GHz', '램 : 8GB', '메모리 타입 : DDR4', '인텔 GPU : UHD620', '그래픽 메모리 : 시스템 메모리 공유', '해상도 : 1920x1080(FHD)', '패널 : IPS패널(광시야각)', '화면비율 : 16대9', '특징 : 울트라북', '가벼운노트북', '학습,사무용', '휴대용', 'bit유형 : 64', '무선랜 : 무선랜 802.11 ac(Wi-Fi5)', '블루투스 : 지원', '영상출력 : HDMI', '단자 : USB Type C', 'USB3.0', '부가기능 : 키보드라이트', '웹캠', 'Reader모드', 'SSD : 128GB', 'SSD 인터페이스 : M.2', 'ODD : 광Drive없음', '배터리 타입 : 리튬폴리머', '배터리용량 : 72Wh', '저전력 : O', '사운드 : DTS Headphone X', '품목 : 노트북', '두께 : 1.65cm', '조명 : LED백라이트', '부피 : 1130cc', '색상 : 화이트', '입력장치 : 독립형키보드', '보안기능 : 지문인식']"
Apple 맥북프로 15형 레티나 (ME664KH/A),"2,752,920원","['화면크기 : 15인치(37~39cm)', '무게 : 2.02kg', '운영체제 : MAC OS', 'CPU : i7-3635QM', '칩셋 제조사 : 인텔', '코어종류 : 쿼드코어', '코드명 : 아이비브릿지(3세대)', 'CPU속도 : 2.4GHz', '터보부스트 : 3.4GHz', '램 : 8GB', '메모리 타입 : DDR3', 'NVIDIA GPU : 지포스 GT 650M', '인텔 GPU : GMA HD 4000', '듀얼그래픽-지포스 : HD4000+지포스GT650M', '그래픽 메모리 : 1GB', '듀얼메모리용량 : 메모리1G', '해상도 : 2880x1800(WQXGA)', '패널 : IPS패널(광시야각)', '화면비율 : 16대10', '무선랜 : 무선랜 802.11 n', '블루투스 : 블루투스 4.0', '유선랜 : 유선랜없음', '영상출력 : HDMI', '썬더볼트(2개)', '썬더볼트', '단자 : USB3.0', '부가기능 : 키보드라이트', '웹캠', '키보드라이트(LED)', '802.11n', '페이스타임', 'iCloud', 'SSD : 256GB', 'ODD : 광Drive없음', '배터리 타입 : 리튬폴리머', '커넥터 : 자석식전원커넥터(MagSafe2)', '품목 : 노트북', '두께 : 1.8cm', '조명 : LED백라이트', '부피 : 1569cc', '입력장치 : 독립형키보드', '멀티트랙패드']"
